submission_id,timestamp,user_email,rating,comment_text,region,department,country
a2ca6df0-59c0-4311-a281-12694ddee7d7,2024-03-21 05:07:44,noah.lopez@examplecorp.com,4.0,Fantastic.,APAC,Finance,India
226a1d8b-342f-46df-aacb-bfc6f4142d84,2024-01-12 18:14:20,ava.garcia@examplecorp.com,5.0,Fantastic.,Americas,Customer Support,Canada
21504601-ce62-4c48-ae9b-42275732a10c,2024-01-15 08:47:31,sophia.johnson26@examplecorp.com,4.0,Great experience.,Americas,Finance,Canada
190c4dee-af10-4e70-a35b-fe38db104021,2024-01-05 03:25:06,sophia.nielsen@examplecorp.com,5.0,Smooth process.,EMEA,Engineering,Germany
bd501dc1-dfed-4574-bd84-69253db2d46a,2024-01-16 19:17:21,olivia.johnson@examplecorp.com,5.0,Fantastic.,Americas,Customer Support,United States
f3f9a4c9-d4cc-4f7a-9278-ba7c00fae3d9,2024-03-26 09:01:05,liam.smith@examplecorp.com,4.0,Great experience.,APAC,Finance,India
200c2c5d-7a53-4e98-b96a-cde13102857c,2024-01-05 02:36:33,emma.garcia35@examplecorp.com,4.0,Great experience.,Americas,Finance,United States
669bc328-12dd-4af8-9e66-c3ad02c67226,2024-03-02 12:38:10,liam.garcia@examplecorp.com,4.0,Great experience.,APAC,Talent Acquisition,India
464e69ea-47ed-4a9c-8d94-66fc6af93ab9,2024-01-29 03:41:12,olivia.garcia@examplecorp.com,3.0,Neutral.,EMEA,Customer Support,Denmark
3b719a65-822a-401d-95d6-b67a5d2388dd,2024-03-11 20:32:34,emma.garcia41@examplecorp.com,4.0,Smooth process.,Americas,Engineering,Canada
062a638c-825b-4e21-8a9b-cac917d30c1c,2024-02-11 01:49:51,olivia.nielsen@examplecorp.com,3.0,Average.,APAC,Marketing,Australia
1cb55fe0-d54f-49ae-8872-3538bbca73fd,2024-02-12 00:32:23,olivia.nielsen@examplecorp.com,5.0,Smooth process.,APAC,Marketing,Australia
0ce7b74b-6d30-4865-b7a5-c6081ebdd689,2024-03-31 13:46:58,olivia.johnson@examplecorp.com,3.0,Neutral.,Americas,Customer Support,United States
ad248534-bf37-490c-8b11-a13da5903641,2024-03-20 13:23:07,liam.brown@examplecorp.com,3.0,Average.,APAC,Engineering,India
8e9e8c5e-e76c-4012-9a1f-a236354f98d4,2024-01-09 05:31:34,ava.jensen12@examplecorp.com,5.0,Smooth process.,EMEA,Engineering,Germany
957d1835-3d4f-4cd9-b608-59966fce7d75,2024-01-13 14:55:19,lucas.hansen@examplecorp.com,4.0,Smooth process.,EMEA,Finance,Germany
4eef40f6-6ee0-4ddf-83b1-8f0da31141d4,2024-03-20 22:51:10,noah.smith58@examplecorp.com,2.0,Poor experience.,Americas,Engineering,United States
51e38756-1904-4852-8f43-0f712dc699a4,2024-03-09 16:30:55,ava.garcia@examplecorp.com,3.0,It was okay.,Americas,Customer Support,Canada
d421fe0a-d3d9-42dc-b5f2-cc69d6c523fd,2024-03-06 02:28:49,emma.garcia41@examplecorp.com,4.0,Smooth process.,Americas,Engineering,Canada
7f82a8f0-6e41-448e-9646-26c58546cd8d,2024-03-14 08:42:44,lucas.lopez@examplecorp.com,5.0,Smooth process.,EMEA,Finance,Germany
ef539ef8-ea80-4dbb-8b0f-bdbc42d8dd8c,2024-01-21 04:41:35,mason.garcia55@examplecorp.com,3.0,Average.,EMEA,Engineering,Germany
d6af2e45-1f72-44ff-8abe-9a9252876cca,2024-03-05 15:16:19,liam.garcia15@examplecorp.com,4.0,Great experience.,APAC,Product,India
4fbb7ffe-8748-4689-8bd1-b343a1c48ff2,2024-02-06 21:07:10,liam.smith@examplecorp.com,3.0,Neutral.,APAC,Finance,India
c624dfc9-f010-49f5-bf0b-950dbaa7b220,2024-01-15 01:42:02,lucas.hansen@examplecorp.com,5.0,Great experience.,EMEA,Finance,Germany
71a96607-147e-433a-bd00-8c3c158c3bb8,2024-01-18 22:45:53,olivia.brown@examplecorp.com,3.0,It was okay.,APAC,Engineering,India
a7144fa3-72a2-48bc-b2a8-1d0c31bc53db,2024-03-06 14:59:49,liam.lopez@examplecorp.com,4.0,Great experience.,EMEA,Customer Support,Germany
ad276c4c-7784-45d5-af5c-537ccd87febd,2024-03-27 16:22:14,mason.smith@examplecorp.com,4.0,Fantastic.,Americas,Sales,Canada
10db4dd5-7852-426f-a888-7c770fa0816f,2024-01-03 13:53:23,ava.garcia49@examplecorp.com,4.0,Smooth process.,APAC,Sales,India
d372ebfb-b1f9-4946-944e-c0d9e2771f92,2024-02-03 02:17:24,noah.hansen@examplecorp.com,4.0,Fantastic.,Americas,HR,Canada
28a5f506-2d88-44e3-aed8-7cd75617f213,2024-03-09 15:26:55,sophia.johnson@examplecorp.com,5.0,Great experience.,Americas,Finance,United States
75788b1f-dab3-4441-b7af-644fef6b48db,2024-03-21 08:24:59,olivia.brown@examplecorp.com,4.0,Smooth process.,APAC,Engineering,India
db2dbec9-c10f-4a7d-adf5-2848ad2f61ed,2024-03-07 16:37:08,liam.brown@examplecorp.com,3.0,Average.,APAC,Engineering,India
6e20a4cc-1835-44eb-8f26-9eee9367193b,2024-01-18 21:00:57,lucas.hansen@examplecorp.com,2.0,Poor experience.,EMEA,Finance,Germany
92f1bb33-ea12-44dd-9f31-f157b6efd0af,2024-03-24 06:32:52,noah.lopez@examplecorp.com,4.0,Great experience.,APAC,Finance,India
30c62b0a-6aba-41bb-a2c4-f5481fc88e8b,2024-02-04 08:11:16,mason.garcia55@examplecorp.com,3.0,It was okay.,EMEA,Engineering,Germany
86d52446-5d07-4d52-afb1-e0c5bb4c2a7e,2024-01-22 06:15:43,liam.garcia15@examplecorp.com,4.0,Fantastic.,APAC,Product,India
fd6862c1-1dfe-4e76-bd08-c028a35b7ca8,2024-01-01 10:39:20,lucas.hansen53@examplecorp.com,3.0,Average.,APAC,HR,Australia
59b7b069-e643-4681-8f49-3915f6514cd1,2024-03-10 02:57:05,noah.smith@examplecorp.com,5.0,Great experience.,APAC,Product,Australia
0a9c38c6-99e1-4601-9935-e81268754da6,2024-02-16 05:19:39,lucas.garcia@examplecorp.com,5.0,Fantastic.,APAC,Customer Support,India
09c96685-c594-4de5-8e33-759d8b6e4366,2024-02-12 12:14:04,olivia.nielsen@examplecorp.com,3.0,Average.,APAC,Marketing,Australia
028ab156-e978-4fe5-91a2-aeea60966407,2024-03-09 05:55:03,olivia.garcia44@examplecorp.com,3.0,Neutral.,APAC,Sales,India
a71eb7a4-3c82-42d3-a9f1-213ad861184e,2024-03-26 06:18:56,noah.smith58@examplecorp.com,3.0,Average.,Americas,Engineering,United States
3252d08e-0b85-4659-984d-2d43e9402a8e,2024-01-29 12:43:01,emma.garcia@examplecorp.com,4.0,Great experience.,EMEA,Finance,Denmark
d956aa33-cb27-490d-8f2a-9606e1798b80,2024-02-21 17:41:11,sophia.johnson26@examplecorp.com,5.0,Great experience.,Americas,Finance,Canada
2c153ff7-97ed-42d4-b0cc-1c0e2c981cd5,2024-02-09 23:23:39,emma.lopez@examplecorp.com,5.0,Great experience.,EMEA,HR,Denmark
d980cc70-6120-4182-9789-9de38f9998da,2024-02-26 04:23:14,noah.brown@examplecorp.com,2.0,Slow process.,Americas,Finance,Canada
fd6d6439-6c9a-4bc3-af21-af44dab02ea0,2024-02-18 21:14:23,noah.hansen@examplecorp.com,4.0,Fantastic.,Americas,HR,Canada
5a62b0d0-09c8-4fb7-aa14-256499f397ad,2024-01-21 10:41:11,liam.johnson@examplecorp.com,3.0,Average.,Americas,Sales,Canada
2c33572e-4893-4a9c-b47d-4d1437a9135a,2024-01-19 14:35:32,liam.garcia15@examplecorp.com,4.0,Fantastic.,APAC,Product,India
10b61172-4044-4928-aac7-a38c0900a7df,2024-01-12 05:21:07,ava.jensen12@examplecorp.com,4.0,Fantastic.,EMEA,Engineering,Germany
5532e363-7cb1-44b5-b7b8-df20787d3b33,2024-02-05 23:40:49,emma.smith@examplecorp.com,5.0,Smooth process.,EMEA,HR,Germany
9b999fd3-bab0-479a-a578-fc04c19771c7,2024-03-08 03:11:13,lucas.hansen@examplecorp.com,3.0,Average.,EMEA,Finance,Germany
751e0719-9079-42d6-9fb1-8362e4d06c64,2024-02-06 11:50:38,noah.johnson@examplecorp.com,4.0,Smooth process.,EMEA,Finance,Germany
c34cfb0a-b0d3-4421-b850-818fe7cf1957,2024-01-29 11:04:53,olivia.nielsen@examplecorp.com,4.0,Smooth process.,APAC,Marketing,Australia
5c782be0-aeb2-46bb-bb07-bb97cb3d415d,2024-03-21 05:15:51,mason.jensen@examplecorp.com,3.0,Average.,EMEA,Talent Acquisition,Denmark
d67d1629-153a-49db-bf69-9a3ce0b4e11b,2024-03-21 13:50:17,emma.lopez@examplecorp.com,3.0,Average.,EMEA,HR,Denmark
c38dfb98-1ffa-400e-af8e-85e279ed7b11,2024-02-11 22:37:11,liam.brown32@examplecorp.com,3.0,Neutral.,APAC,Product,Australia
9f9698b6-b020-46b6-9775-7f96fdb3b894,2024-01-23 03:43:51,emma.garcia40@examplecorp.com,1.0,Not good.,EMEA,Engineering,Denmark
eaf70a72-b58d-4999-b6a6-a25315582432,2024-02-02 04:59:44,liam.brown32@examplecorp.com,3.0,Neutral.,APAC,Product,Australia
5b923c0b-d244-4935-95a5-7ba28ad873e6,2024-03-31 22:48:02,mason.garcia@examplecorp.com,4.0,Smooth process.,Americas,Finance,Canada
cba98d55-c682-4fb4-9ba3-b25d60cfb25d,2024-03-26 17:11:43,olivia.garcia44@examplecorp.com,3.0,It was okay.,APAC,Sales,India
f6ac9856-26d2-432f-bb1d-1b5b091f15e3,2024-02-28 09:40:05,emma.nielsen@examplecorp.com,4.0,Fantastic.,APAC,Customer Support,India
5915df75-84ab-4a9f-860e-4ee9aa99e5a6,2024-02-08 03:40:58,liam.johnson@examplecorp.com,4.0,Smooth process.,Americas,Sales,Canada
f32f4844-6283-48b9-940e-2a3bb9591839,2024-02-21 11:33:11,olivia.garcia44@examplecorp.com,3.0,Average.,APAC,Sales,India
5da25a86-5c4d-4324-a1c9-6462a0b95326,2024-01-18 21:10:56,liam.brown@examplecorp.com,3.0,It was okay.,APAC,Engineering,India
d1d2c9ae-77bc-4011-9266-02a36aaa1c4c,2024-03-25 04:33:34,liam.johnson@examplecorp.com,3.0,Average.,Americas,Sales,Canada
b95945ae-425e-480b-bca6-0a45196df874,2024-02-03 15:23:27,mason.jensen@examplecorp.com,2.0,Poor experience.,EMEA,Talent Acquisition,Denmark
5169ed7b-cfd4-41dd-8686-2e00b3fb51cb,2024-03-14 04:55:07,noah.jensen@examplecorp.com,5.0,Smooth process.,Americas,Talent Acquisition,United States
b16c2c3c-6b4d-4c19-94e7-d7dee4239a48,2024-01-21 18:33:39,emma.garcia42@examplecorp.com,4.0,Fantastic.,APAC,Finance,India
5f99fa22-374e-4237-8604-4fcdc6b47470,2024-02-16 12:06:16,emma.garcia42@examplecorp.com,5.0,Smooth process.,APAC,Finance,India
13bec59e-c612-492a-85c4-d23708498185,2024-02-29 15:08:47,olivia.brown@examplecorp.com,5.0,Smooth process.,APAC,Engineering,India
09e9b55a-f615-46b0-9758-fe7a8a2a731f,2024-03-30 11:02:23,ava.smith@examplecorp.com,4.0,Fantastic.,APAC,Sales,Australia
644ed32c-b0fd-489b-8415-78afa39e9c8f,2024-01-11 23:59:40,ava.smith@examplecorp.com,5.0,Fantastic.,APAC,Sales,Australia
19da56c4-85b5-4139-a869-7f16452701d6,2024-01-03 02:02:44,lucas.hansen53@examplecorp.com,4.0,Fantastic.,APAC,HR,Australia
822b4594-08cf-4360-b2bf-3c0e2e75922f,2024-02-17 22:04:58,liam.johnson@examplecorp.com,3.0,Neutral.,Americas,Sales,Canada
09be7960-bac4-492b-bd8c-7b62b2ef7589,2024-03-30 12:54:10,noah.garcia@examplecorp.com,5.0,Great experience.,Americas,Marketing,United States
14a89f20-0c98-4993-a46e-bb217196c745,2024-03-02 12:03:52,ava.smith@examplecorp.com,5.0,Smooth process.,APAC,Sales,Australia
9ef3f1d8-ff20-4d75-81b7-dbd953d86a47,2024-01-21 02:46:53,ava.garcia45@examplecorp.com,4.0,Smooth process.,APAC,Finance,Australia
4f6288d0-fe6b-470a-a919-bd5251093a42,2024-03-08 18:09:15,emma.garcia42@examplecorp.com,4.0,Smooth process.,APAC,Finance,India
24a35c06-f3f7-4dd6-80fd-345e8da55174,2024-03-02 20:34:48,emma.garcia41@examplecorp.com,4.0,Great experience.,Americas,Engineering,Canada
05ea2a46-1d4c-4c20-9bef-10738adeaeb2,2024-01-17 15:30:46,emma.lopez@examplecorp.com,4.0,Smooth process.,EMEA,HR,Denmark
b1bb5e5e-b553-49f7-8359-944e9eab165e,2024-03-15 03:22:56,lucas.lopez@examplecorp.com,4.0,Great experience.,EMEA,Finance,Germany
b34a6d9a-a8ab-4e8a-8169-c5c72177939a,2024-03-15 23:05:06,emma.garcia35@examplecorp.com,5.0,Smooth process.,Americas,Finance,United States
ea45b732-b47f-4502-b9ac-bd7562bcd3e7,2024-01-17 05:23:06,noah.lopez@examplecorp.com,2.0,Poor experience.,APAC,Finance,India
5eb7e6cd-e6e2-4fb9-817a-fd00fd75968c,2024-01-19 04:39:58,lucas.johnson@examplecorp.com,5.0,Great experience.,APAC,Engineering,Australia
57c526d0-c23e-40d0-9446-f214011e2d3b,2024-03-02 04:05:00,noah.brown@examplecorp.com,4.0,Great experience.,Americas,Finance,Canada
b2c0b0c2-ba63-497e-ab37-33d5ceffa45f,2024-03-20 02:29:38,ava.brown@examplecorp.com,3.0,Average.,Americas,Engineering,United States
fb85a085-c5ff-4fbb-ba74-54cdda86e707,2024-03-25 01:20:05,lucas.johnson@examplecorp.com,3.0,It was okay.,APAC,Engineering,Australia
c7364064-6dcf-4f56-9714-7a2a7f98266b,2024-01-11 15:38:48,emma.smith@examplecorp.com,2.0,Not good.,EMEA,HR,Germany
e71fb306-d048-40e9-95d0-558ca32566e6,2024-03-07 22:25:13,liam.garcia31@examplecorp.com,4.0,Fantastic.,Americas,Sales,Canada
f72d0cbf-5c25-4581-8dcc-0fafb83feaa0,2024-02-13 20:52:29,lucas.hansen53@examplecorp.com,4.0,Great experience.,APAC,HR,Australia
88efdf8f-e2bd-4553-9cf6-5258403b6dc5,2024-03-14 09:21:08,ava.smith@examplecorp.com,3.0,Neutral.,APAC,Sales,Australia
9e4d11ce-7b7e-4cd5-bda1-14e75887575b,2024-02-20 21:54:29,emma.garcia35@examplecorp.com,3.0,It was okay.,Americas,Finance,United States
3d5785c7-5090-41cc-ab6b-dc1df57f8d90,2024-03-21 23:25:52,ava.brown@examplecorp.com,4.0,Smooth process.,Americas,Engineering,United States
5694f582-0811-473c-a6e3-dd0438f94719,2024-03-12 21:30:45,mason.garcia@examplecorp.com,5.0,Smooth process.,Americas,Finance,Canada
9f7008eb-d5f9-4bf1-b87a-2fb8d9e3d8f9,2024-03-28 22:49:01,lucas.hansen@examplecorp.com,4.0,Fantastic.,EMEA,Finance,Germany
fa74850d-ef3c-4bd5-8ea0-c905f20d7e12,2024-01-25 01:39:17,ava.garcia45@examplecorp.com,3.0,It was okay.,APAC,Finance,Australia
ffc6a9ef-2016-45b4-b190-64b12eeafdb4,2024-01-07 22:12:12,noah.garcia@examplecorp.com,5.0,Smooth process.,Americas,Marketing,United States
7be06c13-5259-4641-bf66-2d1ae5e99d56,2024-02-24 23:48:05,lucas.hansen53@examplecorp.com,1.0,Not good.,APAC,HR,Australia
10ab3946-ecfc-493b-9325-18d635db871d,2024-01-14 05:54:03,olivia.jensen@examplecorp.com,4.0,Great experience.,APAC,Marketing,Australia
bd487946-8a15-4aa5-bd59-8313649dc78d,2024-01-10 07:39:07,mason.lopez@examplecorp.com,3.0,Neutral.,EMEA,Sales,Germany
6bcabcf7-163e-4b32-a0c2-4292cfac3d75,2024-03-04 00:52:01,mason.lopez@examplecorp.com,4.0,Smooth process.,EMEA,Sales,Germany
0929ad47-6bb6-4e82-8408-14eb722b38b3,2024-01-26 03:46:43,ava.garcia@examplecorp.com,4.0,Great experience.,Americas,Customer Support,Canada
f4700c92-d012-49b5-9af5-673f10e7787c,2024-03-05 07:05:35,lucas.lopez@examplecorp.com,2.0,Slow process.,EMEA,Finance,Germany
14b31176-bd8b-4348-9607-e8024b9971ab,2024-02-15 02:19:56,liam.nielsen@examplecorp.com,4.0,Great experience.,APAC,Talent Acquisition,Australia
41930881-b83b-42a1-8c5e-109373c8ae88,2024-03-02 13:46:52,sophia.johnson26@examplecorp.com,3.0,Average.,Americas,Finance,Canada
58ae68e8-dfee-459c-922c-a73fa21b67a2,2024-03-14 19:37:07,lucas.johnson48@examplecorp.com,4.0,Fantastic.,APAC,Product,India
babe077d-c21e-4b46-a21f-8510c3e02e15,2024-02-28 03:42:19,lucas.hansen53@examplecorp.com,4.0,Smooth process.,APAC,HR,Australia
e502193a-87e5-48ba-a97d-3de69bf5422a,2024-01-21 03:29:21,ava.garcia@examplecorp.com,3.0,Neutral.,Americas,Customer Support,Canada
271964d1-460e-4616-bb51-478b58ea6ca4,2024-02-22 04:02:15,sophia.smith@examplecorp.com,2.0,Not good.,Americas,Customer Support,Canada
f0a76fc3-dfb1-4a23-8ad1-2e08abc22468,2024-03-01 23:37:29,liam.johnson@examplecorp.com,4.0,Smooth process.,Americas,Sales,Canada
525c2d1e-c1e6-4091-b0ea-b8f827de70e3,2024-03-16 14:14:39,lucas.garcia@examplecorp.com,5.0,Smooth process.,APAC,Customer Support,India
9b3ca490-ad22-42ed-9eab-21e60eace9d7,2024-02-23 05:59:55,lucas.lopez@examplecorp.com,5.0,Smooth process.,EMEA,Finance,Germany
08db1305-9a1b-4df9-a108-d3e806b251a5,2024-02-26 18:51:03,olivia.nielsen@examplecorp.com,5.0,Fantastic.,APAC,Marketing,Australia
7ad21323-b75f-4ac1-8434-65ea357d054f,2024-02-28 00:43:09,ava.johnson@examplecorp.com,3.0,Neutral.,EMEA,Sales,Denmark
1993d7ef-97ae-4a17-a3a1-d3c099f50020,2024-03-25 01:38:19,olivia.johnson@examplecorp.com,4.0,Great experience.,Americas,Customer Support,United States
10a1fd42-925c-4f2f-8ab6-079a6f58a9e7,2024-02-03 09:28:14,sophia.smith@examplecorp.com,5.0,Smooth process.,Americas,Customer Support,Canada
3486f9ef-3e45-42fd-9844-4fe7b8fc5aa2,2024-01-02 23:58:50,lucas.johnson@examplecorp.com,4.0,Smooth process.,APAC,Engineering,Australia
8acd22fc-31df-4f08-b834-b211f35ab886,2024-01-22 00:56:50,mason.lopez@examplecorp.com,4.0,Smooth process.,EMEA,Sales,Germany
5ed2e2ba-d097-4124-89b4-ff2407bd043a,2024-01-27 15:14:34,ava.jensen@examplecorp.com,5.0,Fantastic.,Americas,Talent Acquisition,United States
3409cb0c-83ac-4883-ab5e-d9a228cfa883,2024-01-28 17:05:40,noah.brown@examplecorp.com,3.0,Average.,Americas,Finance,Canada
78866dd8-7504-47d7-9ac5-57696249bb47,2024-02-11 14:24:26,mason.lopez37@examplecorp.com,4.0,Smooth process.,EMEA,Engineering,Denmark
55924561-44f4-4219-aba2-b5a57685d634,2024-01-14 12:23:37,mason.garcia55@examplecorp.com,3.0,It was okay.,EMEA,Engineering,Germany
275e7dac-d33a-4e5f-81f7-323738e4d535,2024-01-05 20:47:19,liam.garcia15@examplecorp.com,5.0,Fantastic.,APAC,Product,India
f85a28c2-ba25-4e12-bcf8-438f57fef7a0,2024-02-29 16:20:49,liam.lopez@examplecorp.com,4.0,Fantastic.,EMEA,Customer Support,Germany
f29f796e-ebc7-4908-bb8f-bd208c1837e5,2024-01-15 22:40:09,emma.garcia@examplecorp.com,4.0,Smooth process.,EMEA,Finance,Denmark
62b2fd59-2960-478f-b2ce-772a19808eef,2024-01-21 10:16:34,mason.garcia@examplecorp.com,5.0,Great experience.,Americas,Finance,Canada
cd23ac82-91cf-4140-ba09-c3bf00b2ce05,2024-03-02 01:33:17,mason.smith@examplecorp.com,5.0,Great experience.,Americas,Sales,Canada
b0bb9a6b-2aca-4cf1-8611-eb61b128377d,2024-02-07 05:17:00,lucas.hansen@examplecorp.com,4.0,Smooth process.,EMEA,Finance,Germany
8eede098-58b0-4da9-897b-c53bbb1648f6,2024-01-26 09:04:11,noah.lopez@examplecorp.com,5.0,Fantastic.,APAC,Finance,India
5e2585ed-93f8-4141-bddf-dcf3dcc106cd,2024-03-02 12:04:21,mason.jensen30@examplecorp.com,5.0,Fantastic.,EMEA,HR,Denmark
1aec215e-e31f-4662-97f9-85a8cb3e08bb,2024-02-22 19:21:15,liam.smith@examplecorp.com,3.0,Average.,APAC,Finance,India
bc5eaa08-e6b5-4d57-8914-2587d47ae94a,2024-02-15 16:11:16,ava.garcia49@examplecorp.com,3.0,Average.,APAC,Sales,India
2f1469c8-f4d3-41fb-a795-45cac35e74de,2024-03-11 21:05:28,mason.jensen30@examplecorp.com,5.0,Fantastic.,EMEA,HR,Denmark
79429053-f656-45e9-ab5f-b74c3a987380,2024-01-21 14:29:35,emma.garcia42@examplecorp.com,4.0,Great experience.,APAC,Finance,India
0ac1292e-75d5-4664-af69-73a238233b75,2024-01-08 23:16:48,ava.garcia@examplecorp.com,5.0,Smooth process.,Americas,Customer Support,Canada
0152e3b9-eeaa-4ce5-bbd6-4f95a3e25910,2024-02-02 06:37:57,lucas.garcia@examplecorp.com,4.0,Fantastic.,APAC,Customer Support,India
1a2f5ef7-9c58-42d3-a91b-06b62ef1a5d1,2024-02-26 08:29:32,noah.jensen@examplecorp.com,4.0,Smooth process.,Americas,Talent Acquisition,United States
26f2578b-307b-4703-ac66-ea761ac083d1,2024-03-19 12:29:29,liam.brown@examplecorp.com,4.0,Smooth process.,APAC,Engineering,India
cba6665e-2ae5-4f1e-95a2-c5bdcd905297,2024-03-03 14:08:36,sophia.smith@examplecorp.com,3.0,Average.,Americas,Customer Support,Canada
8d64fe50-8de7-4b52-a957-67322229d274,2024-02-07 07:07:59,lucas.johnson48@examplecorp.com,5.0,Smooth process.,APAC,Product,India
e77f6a56-fa84-4df6-8e2b-18a6d46b9609,2024-02-07 17:06:01,emma.smith@examplecorp.com,5.0,Fantastic.,EMEA,HR,Germany
ce61d819-7d42-497f-b7b6-a5281d686609,2024-01-14 22:02:39,mason.smith@examplecorp.com,4.0,Great experience.,Americas,Sales,Canada
46388f68-d58f-40db-b345-0cb0c064b3a6,2024-02-11 22:13:26,sophia.johnson@examplecorp.com,4.0,Smooth process.,Americas,Finance,United States
7b658230-63cb-4a24-b7fe-ca3e972bd4e6,2024-03-18 09:46:05,mason.lopez37@examplecorp.com,5.0,Great experience.,EMEA,Engineering,Denmark
d96e4426-6244-40b1-beae-e62898e35e90,2024-01-08 22:33:50,noah.johnson@examplecorp.com,5.0,Great experience.,EMEA,Finance,Germany
41a22fa0-4f43-482e-b72e-eb5629154440,2024-01-19 07:30:03,noah.brown@examplecorp.com,3.0,Average.,Americas,Finance,Canada
9417a9c6-a48b-4f81-a59d-e2ca120384f8,2024-03-07 19:39:30,noah.johnson@examplecorp.com,5.0,Fantastic.,EMEA,Finance,Germany
21e54ac3-afa8-4fbf-9de4-944f139c4aba,2024-03-24 21:40:10,liam.garcia@examplecorp.com,1.0,Poor experience.,APAC,Talent Acquisition,India
50c6d337-1c50-46ba-9cf7-37f920b6513f,2024-03-06 08:59:43,emma.garcia@examplecorp.com,4.0,Smooth process.,EMEA,Finance,Denmark
c2a4985e-b540-4c97-a68e-8700fd29cb11,2024-02-12 09:01:35,liam.garcia31@examplecorp.com,4.0,Smooth process.,Americas,Sales,Canada
84346520-b710-4520-a3fa-4b3cda63a26d,2024-01-31 03:40:19,ava.brown@examplecorp.com,4.0,Great experience.,Americas,Engineering,United States
f50a1aeb-bd7e-4f04-aad6-c4d35e3b85b8,2024-03-15 14:35:47,noah.jensen@examplecorp.com,1.0,Slow process.,Americas,Talent Acquisition,United States
436ba39b-0133-4a3c-81e5-6007aa72534a,2024-03-25 19:53:36,mason.garcia55@examplecorp.com,4.0,Great experience.,EMEA,Engineering,Germany
cfcd0f5e-1b50-4f8b-a4be-e64ebc2fc791,2024-01-18 19:38:30,mason.lopez@examplecorp.com,5.0,Smooth process.,EMEA,Sales,Germany
d6c00ebc-782b-449f-b6a7-4a9d3dd35013,2024-01-29 02:23:27,olivia.garcia44@examplecorp.com,4.0,Great experience.,APAC,Sales,India
53917070-7196-44e2-ba9d-fe0aec2adbba,2024-03-30 22:49:59,liam.brown@examplecorp.com,3.0,Average.,APAC,Engineering,India
79380ac2-701d-4fcf-ad51-1857b30236d7,2024-01-26 08:30:28,sophia.johnson26@examplecorp.com,5.0,Fantastic.,Americas,Finance,Canada
fa5dd40a-5055-42cc-80ae-2832913ec785,2024-03-13 16:50:45,lucas.lopez@examplecorp.com,1.0,Slow process.,EMEA,Finance,Germany
3dfae50b-9d40-4198-b715-d4803e21dab4,2024-03-18 16:33:40,noah.smith58@examplecorp.com,5.0,Fantastic.,Americas,Engineering,United States
b792944a-1b68-4a2a-9461-784715bd5a9c,2024-02-21 20:40:42,olivia.nielsen@examplecorp.com,3.0,Neutral.,APAC,Marketing,Australia
6992c8e2-0457-476a-b203-2c2d35a1bc3e,2024-01-15 07:36:59,noah.brown@examplecorp.com,4.0,Great experience.,Americas,Finance,Canada
420063a9-ddcd-4fa9-8ad0-5f521abf38f4,2024-01-24 22:31:18,olivia.nielsen@examplecorp.com,2.0,Not good.,APAC,Marketing,Australia
e30a3b78-cbe6-467b-b0e3-6a976aaf32f0,2024-03-24 15:54:20,noah.hansen@examplecorp.com,5.0,Smooth process.,Americas,HR,Canada
7ad16e7a-cabf-405b-abd6-f2e8396044e5,2024-01-17 11:47:21,olivia.johnson@examplecorp.com,2.0,Poor experience.,Americas,Customer Support,United States
ad9a6984-0447-4351-8f0e-26886211cb63,2024-03-06 22:57:06,noah.lopez@examplecorp.com,3.0,Average.,APAC,Finance,India
bf8e890f-b541-4a03-85f1-3e8abcbf7309,2024-01-05 01:32:40,olivia.brown@examplecorp.com,5.0,Smooth process.,APAC,Engineering,India
227f027c-7622-4757-9e37-ebfd63d07f0b,2024-01-19 20:29:51,mason.smith@examplecorp.com,3.0,Average.,Americas,Sales,Canada
68d9a134-c7f2-4f72-9e1b-d983559ed4a7,2024-02-15 13:09:11,sophia.garcia@examplecorp.com,4.0,Fantastic.,Americas,Product,United States
2171b2af-6738-4d6e-9d95-8e491e2baa99,2024-02-11 16:33:44,lucas.johnson48@examplecorp.com,4.0,Great experience.,APAC,Product,India
985f2445-1197-4751-a865-e164cd9c1c2b,2024-01-23 07:52:48,emma.garcia42@examplecorp.com,4.0,Smooth process.,APAC,Finance,India
77229e51-26c3-4c56-b4f4-296d3f21a889,2024-02-22 14:16:09,emma.garcia40@examplecorp.com,1.0,Poor experience.,EMEA,Engineering,Denmark
2b8c5a04-17a3-4b83-b2e2-23d2dc666896,2024-03-18 01:26:17,olivia.nielsen@examplecorp.com,4.0,Fantastic.,APAC,Marketing,Australia
c4bf0032-560b-481a-8cee-44b5549ff82b,2024-01-21 20:23:28,olivia.brown@examplecorp.com,4.0,Fantastic.,APAC,Engineering,India
08c7c321-6f54-4e0b-b513-56802c97add7,2024-01-21 16:22:40,noah.smith58@examplecorp.com,4.0,Fantastic.,Americas,Engineering,United States
1945e6eb-88a4-4666-8578-08acdf0e9eec,2024-02-15 04:05:35,ava.brown@examplecorp.com,4.0,Smooth process.,Americas,Engineering,United States
4f117d2c-40d2-4d58-b620-4c2453f5f6d5,2024-03-14 18:09:55,emma.garcia@examplecorp.com,3.0,Average.,EMEA,Finance,Denmark
d5055881-7a24-42f6-ba40-4b56a486cc63,2024-03-25 01:35:57,emma.garcia35@examplecorp.com,3.0,Average.,Americas,Finance,United States
9a2f0777-47da-4415-8733-528f5e72b983,2024-01-21 05:21:56,liam.nielsen@examplecorp.com,4.0,Fantastic.,APAC,Talent Acquisition,Australia
b22b346a-1b57-40b8-ba49-1965426f964e,2024-01-19 19:49:38,liam.garcia31@examplecorp.com,5.0,Great experience.,Americas,Sales,Canada
04b008e2-2385-43a9-9468-1b37cb04852c,2024-02-09 05:20:36,olivia.jensen@examplecorp.com,1.0,Poor experience.,APAC,Marketing,Australia
0cb1f0eb-63af-4e5b-8595-21c0db0361bc,2024-03-05 16:37:23,olivia.jensen@examplecorp.com,5.0,Smooth process.,APAC,Marketing,Australia
9e68103e-0447-48dd-88e9-68cdcf253548,2024-02-27 21:09:20,liam.nielsen@examplecorp.com,3.0,Neutral.,APAC,Talent Acquisition,Australia
3ec2a96c-37e3-43d0-a446-902b1acc4efb,2024-02-03 02:17:41,sophia.johnson26@examplecorp.com,5.0,Fantastic.,Americas,Finance,Canada
553c6023-9dcf-4da4-9d3a-80829007d55f,2024-02-13 02:27:04,lucas.hansen53@examplecorp.com,5.0,Smooth process.,APAC,HR,Australia
c9fa20d9-470c-45dc-abc3-f735252a15b5,2024-03-10 03:10:29,lucas.hansen@examplecorp.com,1.0,Slow process.,EMEA,Finance,Germany
e21a8784-7cbb-453f-9f77-75a9fbaca472,2024-01-20 13:26:32,ava.brown@examplecorp.com,5.0,Fantastic.,Americas,Engineering,United States
5e241177-6ccb-48aa-8349-38668ec6c0f0,2024-03-25 19:26:03,lucas.garcia@examplecorp.com,3.0,It was okay.,APAC,Customer Support,India
7c6cc317-753e-4c5b-9cb1-dfb37736d18a,2024-02-18 18:20:18,ava.garcia49@examplecorp.com,3.0,It was okay.,APAC,Sales,India
a809f527-34a1-4d8a-b66d-1059a9e90ac3,2024-01-18 20:04:19,noah.johnson@examplecorp.com,4.0,Fantastic.,EMEA,Finance,Germany
2d10a6e4-14e5-45d4-b5aa-e5386238acbf,2024-02-08 00:51:12,mason.jensen30@examplecorp.com,5.0,Fantastic.,EMEA,HR,Denmark
6e3532f8-1983-418c-a691-e22ac41ef594,2024-02-26 09:56:33,liam.lopez@examplecorp.com,4.0,Smooth process.,EMEA,Customer Support,Germany
4fbf9d17-df4b-47c7-abd7-d7d20b5c2762,2024-03-28 23:25:15,emma.garcia@examplecorp.com,3.0,Average.,EMEA,Finance,Denmark
cc62a96a-e117-45fb-a6d2-858867c96714,2024-01-31 09:23:47,liam.brown@examplecorp.com,5.0,Great experience.,APAC,Engineering,India
172d0ff4-1055-4449-89bf-1b4414f4963d,2024-01-27 07:17:42,noah.jensen@examplecorp.com,4.0,Great experience.,Americas,Talent Acquisition,United States
328fcb29-0bb5-4797-ad1b-1b0837fad7a6,2024-02-11 03:34:50,olivia.garcia@examplecorp.com,3.0,Neutral.,EMEA,Customer Support,Denmark
c60c80d2-f73a-443f-b6a4-5e19312ae92f,2024-02-29 06:37:46,mason.jensen@examplecorp.com,4.0,Fantastic.,EMEA,Talent Acquisition,Denmark
d3bc43cf-14fd-4cd7-9073-549088d4674d,2024-03-16 18:57:41,sophia.garcia@examplecorp.com,4.0,Fantastic.,Americas,Product,United States
471354fe-b075-4641-8cdc-36a89bfa9a25,2024-01-12 22:46:05,lucas.johnson@examplecorp.com,5.0,Smooth process.,APAC,Engineering,Australia
50422e39-a8d7-4f2b-b59c-587989c18297,2024-02-02 07:44:37,emma.hansen@examplecorp.com,3.0,Average.,APAC,Talent Acquisition,Australia
61e52257-5f7d-48bf-b601-88b76fdde0b5,2024-03-13 23:05:55,sophia.smith@examplecorp.com,2.0,Not good.,Americas,Customer Support,Canada
4faf6d99-e4fe-45cb-9fdc-8b4c5e5ea0e9,2024-03-11 10:01:13,ava.garcia@examplecorp.com,4.0,Smooth process.,Americas,Customer Support,Canada
cd0ef19c-ff2c-498e-89d9-af914ea475ba,2024-01-04 18:11:10,ava.garcia45@examplecorp.com,3.0,It was okay.,APAC,Finance,Australia
23b45ae2-0dcf-4ae8-bd11-1a6c21b3f612,2024-02-08 03:31:05,sophia.smith@examplecorp.com,5.0,Smooth process.,Americas,Customer Support,Canada
5f28fa03-6a90-40b7-965f-f7b300a4eb0f,2024-01-11 12:22:23,mason.lopez@examplecorp.com,5.0,Smooth process.,EMEA,Sales,Germany
4cc47a64-bda3-4bdc-b0e7-e2796db9118a,2024-03-20 21:27:36,lucas.lopez@examplecorp.com,3.0,Average.,EMEA,Finance,Germany
f194bef4-e93f-439b-b5aa-067c89274e94,2024-02-22 14:27:07,ava.jensen12@examplecorp.com,4.0,Fantastic.,EMEA,Engineering,Germany
6ef5d170-e437-413f-905d-475d91456875,2024-02-08 19:25:19,ava.brown@examplecorp.com,2.0,Poor experience.,Americas,Engineering,United States
bd486f98-77d7-4ca1-a137-b1f7b2c8cfe3,2024-02-09 03:53:02,liam.garcia15@examplecorp.com,5.0,Great experience.,APAC,Product,India
477f8b54-0d6a-43c6-a8ba-5c678170ee9a,2024-03-14 20:35:06,sophia.johnson26@examplecorp.com,3.0,Neutral.,Americas,Finance,Canada
a65f4a41-8b7b-4413-9749-7e4989237060,2024-01-29 19:53:03,lucas.johnson48@examplecorp.com,4.0,Fantastic.,APAC,Product,India
9481a884-48ef-45be-98e3-560f98b967b9,2024-02-12 06:43:02,emma.garcia@examplecorp.com,4.0,Smooth process.,EMEA,Finance,Denmark
c064988c-3f86-4fd8-9f3c-f69d7db8181d,2024-01-15 09:49:36,mason.lopez@examplecorp.com,1.0,Slow process.,EMEA,Sales,Germany
d490f1e4-7f39-4d60-9d7e-20f441cadee8,2024-03-06 22:28:42,mason.jensen@examplecorp.com,4.0,Great experience.,EMEA,Talent Acquisition,Denmark
e0cb0cc1-e248-430a-aece-e51bb2e0a96c,2024-03-22 18:01:54,lucas.lopez@examplecorp.com,3.0,It was okay.,EMEA,Finance,Germany
78e43022-6295-448c-8d5e-fe7aa2befff0,2024-03-21 11:50:13,emma.hansen@examplecorp.com,5.0,Fantastic.,APAC,Talent Acquisition,Australia
eb7156fb-502f-414a-be03-55fab4309167,2024-03-18 13:33:00,mason.garcia55@examplecorp.com,4.0,Smooth process.,EMEA,Engineering,Germany
f7fb2e9d-77e1-4314-b055-d27ed35dd315,2024-02-28 07:43:03,noah.jensen@examplecorp.com,5.0,Smooth process.,Americas,Talent Acquisition,United States
e27915d2-d758-433f-be98-495919d09dcd,2024-02-19 02:18:31,liam.garcia@examplecorp.com,5.0,Great experience.,APAC,Talent Acquisition,India
106b3eb7-0fb9-4ebf-8c26-1541703e76bc,2024-02-13 09:57:26,olivia.jensen@examplecorp.com,5.0,Fantastic.,APAC,Marketing,Australia
336c2622-b521-49a0-a538-2ed45836e82b,2024-03-27 22:42:40,ava.brown@examplecorp.com,3.0,Average.,Americas,Engineering,United States
ea2a4a38-3685-433a-93cd-95da8d097fe8,2024-03-13 07:01:43,olivia.nielsen@examplecorp.com,5.0,Smooth process.,APAC,Marketing,Australia
9e1d63ae-65ca-4682-b23a-d57f99c55e6a,2024-03-22 16:32:47,liam.lopez@examplecorp.com,2.0,Not good.,EMEA,Customer Support,Germany
a73155f1-b322-4d37-a5ee-55ad7c8ff913,2024-03-23 23:09:31,ava.brown@examplecorp.com,2.0,Poor experience.,Americas,Engineering,United States
063044f1-73ad-4e59-ab20-66aaf83345ce,2024-01-05 17:45:56,ava.johnson@examplecorp.com,3.0,It was okay.,EMEA,Sales,Denmark
8edc2407-42c3-4c5a-a0d8-9786a5b64d5f,2024-01-06 05:19:13,olivia.garcia44@examplecorp.com,5.0,Fantastic.,APAC,Sales,India
5dfa0fe8-77b2-4c65-971a-db6203462eb0,2024-02-06 03:14:07,liam.brown@examplecorp.com,3.0,Neutral.,APAC,Engineering,India
4a80f0b9-653c-4867-84d7-599d87680866,2024-02-03 16:47:45,sophia.johnson@examplecorp.com,4.0,Smooth process.,Americas,Finance,United States
2a17cb50-4ff0-480d-bd51-aa0e920ef65a,2024-01-12 04:08:30,noah.jensen@examplecorp.com,4.0,Great experience.,Americas,Talent Acquisition,United States
a1a5918b-8cec-4bf8-a173-4d346bd9ffec,2024-02-20 16:10:21,noah.brown@examplecorp.com,5.0,Fantastic.,Americas,Finance,Canada
ec6e0d11-ab8b-4b4f-8776-58a847795e00,2024-03-22 09:22:26,ava.garcia49@examplecorp.com,4.0,Fantastic.,APAC,Sales,India
90ddbab8-cc59-4a96-a560-59bf63bd14af,2024-03-07 15:49:14,liam.smith@examplecorp.com,4.0,Smooth process.,APAC,Finance,India
3dee72d6-4e9f-47a3-a892-700be66b9d75,2024-01-12 02:20:40,olivia.garcia@examplecorp.com,2.0,Poor experience.,EMEA,Customer Support,Denmark
fcb60386-af0a-4ba9-8f0b-cc4febdd1936,2024-02-01 18:43:53,sophia.smith@examplecorp.com,4.0,Fantastic.,Americas,Customer Support,Canada
f6233c94-1f91-4c60-8097-566335888a49,2024-03-23 22:49:26,mason.jensen@examplecorp.com,5.0,Great experience.,EMEA,Talent Acquisition,Denmark
7a54ebd9-5211-4597-9221-68c38a005536,2024-03-07 12:08:07,mason.lopez@examplecorp.com,2.0,Not good.,EMEA,Sales,Germany
1fc068eb-67cb-407c-a4a9-0a17521aa557,2024-01-24 17:01:02,noah.brown@examplecorp.com,2.0,Slow process.,Americas,Finance,Canada
5350b299-679f-4283-8fdf-740d3f783c2d,2024-03-06 16:25:37,noah.smith43@examplecorp.com,5.0,Great experience.,Americas,Finance,United States
0345268d-b627-4386-9149-4e6e4ed665be,2024-01-10 22:22:41,ava.brown@examplecorp.com,5.0,Smooth process.,Americas,Engineering,United States
8fd8a192-454c-4f6a-b317-ab9f416fc557,2024-03-19 17:36:19,liam.garcia31@examplecorp.com,3.0,Neutral.,Americas,Sales,Canada
a5ef6555-457b-459d-8d43-f712cb284ab5,2024-02-12 06:58:13,sophia.garcia@examplecorp.com,4.0,Fantastic.,Americas,Product,United States
caf73399-0eec-4637-9651-091c4e4b578d,2024-03-13 00:40:05,noah.lopez@examplecorp.com,3.0,Average.,APAC,Finance,India
e5f82e9a-3c4f-411e-89ac-da31f1d63506,2024-01-06 19:50:54,ava.johnson@examplecorp.com,4.0,Fantastic.,EMEA,Sales,Denmark
51441ef5-9489-4b36-9532-4fbc0d5bf04f,2024-02-16 01:34:30,mason.smith@examplecorp.com,5.0,Great experience.,Americas,Sales,Canada
61df5942-62dd-4ef3-8bfb-8295b58b02c7,2024-02-29 09:46:43,olivia.johnson@examplecorp.com,4.0,Fantastic.,Americas,Customer Support,United States
297a7c03-632b-4be3-9217-9cf6100f1534,2024-01-07 22:27:20,noah.brown@examplecorp.com,3.0,It was okay.,Americas,Finance,Canada
19c18042-3049-441c-a096-1d15c263c24e,2024-03-01 19:26:53,sophia.nielsen@examplecorp.com,4.0,Great experience.,EMEA,Engineering,Germany
8e85ee5a-acbe-47be-bcc1-240c4baa00b2,2024-02-12 16:58:56,lucas.hansen@examplecorp.com,2.0,Not good.,EMEA,Finance,Germany
5c681f24-3e5c-4d61-b161-755f6da8423e,2024-03-03 10:07:27,olivia.johnson@examplecorp.com,4.0,Fantastic.,Americas,Customer Support,United States
927a4204-6fbb-4c38-8358-c9b2c9727438,2024-03-08 17:16:43,emma.garcia35@examplecorp.com,4.0,Great experience.,Americas,Finance,United States
ef22f490-6c06-43c3-9149-452fb6d6c01f,2024-01-29 20:47:20,emma.hansen@examplecorp.com,5.0,Smooth process.,APAC,Talent Acquisition,Australia
c845aa29-ffe7-425a-b2db-23f8a5a211a3,2024-01-18 21:14:10,liam.garcia@examplecorp.com,2.0,Slow process.,APAC,Talent Acquisition,India
6515dbfc-0b0a-4582-b1bf-7a1f9ceff7e1,2024-03-26 05:35:51,sophia.smith@examplecorp.com,3.0,Neutral.,Americas,Customer Support,Canada
1d3980ae-7167-4305-be01-37e874d5d78d,2024-03-29 16:26:08,sophia.johnson@examplecorp.com,4.0,Fantastic.,Americas,Finance,United States
0ec1bbe8-448d-4294-bb17-4a1e3a1bcb59,2024-03-09 03:41:35,noah.johnson@examplecorp.com,3.0,Neutral.,EMEA,Finance,Germany
7276df6f-98af-4efa-8da6-1f250239a4c1,2024-03-24 00:08:45,emma.garcia40@examplecorp.com,4.0,Great experience.,EMEA,Engineering,Denmark
58c4fec3-e9dd-42c7-a86c-456ad42bdfe6,2024-01-01 16:36:12,mason.lopez37@examplecorp.com,3.0,Average.,EMEA,Engineering,Denmark
6a7407e6-c039-4456-98e3-c9fc9bfe76d0,2024-02-24 06:43:56,mason.smith@examplecorp.com,5.0,Fantastic.,Americas,Sales,Canada
7da64cf8-f563-4994-9abf-ecb46c65e4be,2024-03-31 01:28:40,emma.nielsen@examplecorp.com,3.0,Average.,APAC,Customer Support,India
9bc00b15-c03a-40aa-bdba-579a52e7ee85,2024-02-25 10:58:28,olivia.nielsen@examplecorp.com,4.0,Fantastic.,APAC,Marketing,Australia
53a871e5-9196-40ca-b06c-7284cd710110,2024-03-15 10:57:52,noah.hansen@examplecorp.com,2.0,Not good.,Americas,HR,Canada
de40be6b-35f2-4b1f-b560-ad576a65f0a8,2024-01-21 23:01:34,lucas.johnson48@examplecorp.com,4.0,Fantastic.,APAC,Product,India
ff7fba32-40a4-4e24-976c-a82600b34362,2024-01-31 17:59:46,emma.garcia41@examplecorp.com,5.0,Fantastic.,Americas,Engineering,Canada
f204b687-ac15-4341-b224-e4cea4a1e2c8,2024-03-11 09:17:20,ava.jensen@examplecorp.com,4.0,Fantastic.,Americas,Talent Acquisition,United States
1b9e242e-4c96-46fc-ab1c-086550b89749,2024-03-03 07:36:14,emma.hansen@examplecorp.com,4.0,Smooth process.,APAC,Talent Acquisition,Australia
585b6efe-606c-4e3c-900f-f189ab1f2b4e,2024-03-12 09:18:31,liam.garcia31@examplecorp.com,5.0,Fantastic.,Americas,Sales,Canada
14ba1219-465c-4b64-87e2-1ef7a4ac9c25,2024-02-20 03:53:43,sophia.johnson@examplecorp.com,3.0,Neutral.,Americas,Finance,United States
cc065ea6-174f-4853-880a-14b5fe07cad3,2024-03-25 06:22:24,noah.garcia@examplecorp.com,4.0,Fantastic.,Americas,Marketing,United States
381d707b-d796-44eb-8617-0fa3af91b3bd,2024-03-20 21:45:38,lucas.hansen@examplecorp.com,2.0,Slow process.,EMEA,Finance,Germany
b63a3217-feeb-43b7-84ab-4521e2acc4c7,2024-01-25 02:21:09,lucas.johnson48@examplecorp.com,4.0,Fantastic.,APAC,Product,India
fe350cf1-b33e-4514-9184-513827b25f39,2024-02-08 07:58:47,ava.garcia45@examplecorp.com,5.0,Fantastic.,APAC,Finance,Australia
8d310eaf-9b3d-4cf1-a1fe-908202224f6e,2024-01-29 02:53:19,olivia.nielsen@examplecorp.com,2.0,Slow process.,APAC,Marketing,Australia
3b9a7481-98be-41ac-9efa-5cde0f778450,2024-03-03 17:45:18,mason.garcia55@examplecorp.com,2.0,Slow process.,EMEA,Engineering,Germany
a8f6975e-f1d1-4abd-abb4-cf14352086cf,2024-03-31 15:29:45,ava.jensen@examplecorp.com,1.0,Slow process.,Americas,Talent Acquisition,United States
f7f1892d-08ca-4e2f-82bb-5013ce385d2c,2024-01-04 16:15:13,olivia.jensen@examplecorp.com,4.0,Great experience.,APAC,Marketing,Australia
3e3223db-993d-4d97-925d-0354a5641b73,2024-02-10 13:15:23,mason.lopez37@examplecorp.com,5.0,Great experience.,EMEA,Engineering,Denmark
0408b430-7f87-4565-8349-6b7cc3f91eb9,2024-02-27 04:21:38,mason.smith@examplecorp.com,2.0,Poor experience.,Americas,Sales,Canada
a8381dbd-a0e6-48bf-8c91-c011be8b7016,2024-02-15 03:36:16,emma.garcia40@examplecorp.com,5.0,Fantastic.,EMEA,Engineering,Denmark
77e95f42-065b-41fd-9e40-d5658c9737eb,2024-02-02 05:22:56,noah.lopez@examplecorp.com,5.0,Fantastic.,APAC,Finance,India
01ac1d04-836f-4882-82e2-15efbf359e0c,2024-03-07 19:35:17,mason.jensen30@examplecorp.com,1.0,Slow process.,EMEA,HR,Denmark
f4327ee2-9298-4a22-abeb-7b04edc45eb6,2024-02-12 05:14:33,emma.lopez@examplecorp.com,4.0,Fantastic.,EMEA,HR,Denmark
d381cc22-c8c1-40a0-a687-ce4d8fc20a9a,2024-03-26 23:09:01,noah.smith@examplecorp.com,4.0,Smooth process.,APAC,Product,Australia
7060dfb6-dc94-471b-a943-e3cb3d4b5184,2024-03-21 21:11:26,ava.garcia45@examplecorp.com,5.0,Great experience.,APAC,Finance,Australia
e1eb5157-eaf3-4e44-968b-8bec3a1d4653,2024-02-01 05:31:06,ava.garcia@examplecorp.com,4.0,Great experience.,Americas,Customer Support,Canada
d8f61d58-7540-458e-83f6-86ee8b780bd8,2024-02-26 09:46:09,emma.smith@examplecorp.com,5.0,Smooth process.,EMEA,HR,Germany
a99acb28-e06d-4c89-94f9-a7e945b5076b,2024-02-25 09:52:37,emma.garcia35@examplecorp.com,4.0,Fantastic.,Americas,Finance,United States
1f96800b-6ffa-4a0f-917b-98b304fa281f,2024-02-13 17:28:45,noah.johnson@examplecorp.com,3.0,Average.,EMEA,Finance,Germany
db61e7ac-58d6-4b0e-b3c2-2fc9a5a9fdab,2024-02-06 17:00:04,lucas.hansen53@examplecorp.com,4.0,Great experience.,APAC,HR,Australia
e37ac40a-5067-4134-9778-141ed2d82abf,2024-01-26 05:39:19,lucas.garcia@examplecorp.com,4.0,Fantastic.,APAC,Customer Support,India
9f9d4bae-b0a7-40c1-a711-6ba8ae222e48,2024-01-25 10:26:06,noah.smith58@examplecorp.com,4.0,Smooth process.,Americas,Engineering,United States
60b4be75-14a5-474f-b8c0-5bd70845cadd,2024-03-02 23:37:44,noah.smith43@examplecorp.com,2.0,Poor experience.,Americas,Finance,United States
732ee250-4b7f-4c26-b84e-4dee0f5f0683,2024-01-05 19:04:31,ava.garcia@examplecorp.com,3.0,Average.,Americas,Customer Support,Canada
b10bea1e-0db9-4ce9-af84-2558602dde22,2024-03-01 16:57:27,emma.lopez@examplecorp.com,4.0,Smooth process.,EMEA,HR,Denmark
7ad3113a-f971-42ae-b663-fa2d9e627fdc,2024-01-28 06:02:54,noah.brown@examplecorp.com,5.0,Smooth process.,Americas,Finance,Canada
618fa504-6134-4421-b681-3cc07a3b1945,2024-02-04 06:18:19,noah.jensen@examplecorp.com,4.0,Fantastic.,Americas,Talent Acquisition,United States
c74e577f-ad58-41f9-a8b0-3c277ec20281,2024-03-17 14:23:59,liam.garcia31@examplecorp.com,4.0,Fantastic.,Americas,Sales,Canada
67ad7267-3fbd-4b69-8dcc-f97c34020d09,2024-01-09 03:05:42,emma.lopez@examplecorp.com,4.0,Fantastic.,EMEA,HR,Denmark
9390b19e-04cb-4580-9c92-0ae0796c607e,2024-02-25 16:01:55,ava.garcia@examplecorp.com,4.0,Fantastic.,Americas,Customer Support,Canada
10858542-f7ac-44c0-9ee3-e5fe5e887352,2024-03-30 02:00:04,noah.johnson@examplecorp.com,4.0,Fantastic.,EMEA,Finance,Germany
e09c9f93-ac0b-49e2-b4ab-694d5b6a91d0,2024-02-09 22:43:00,emma.garcia40@examplecorp.com,4.0,Fantastic.,EMEA,Engineering,Denmark
a0460641-454b-427c-8cc7-18ab7716c405,2024-03-07 20:56:18,emma.nielsen@examplecorp.com,3.0,Average.,APAC,Customer Support,India
b5564443-29d8-4aab-9834-07ed08ff4b54,2024-03-13 05:54:00,ava.garcia56@examplecorp.com,4.0,Great experience.,APAC,Marketing,India
06059900-74be-4aa7-ae18-ffb20fe375c4,2024-03-05 03:42:35,mason.garcia55@examplecorp.com,5.0,Great experience.,EMEA,Engineering,Germany
f4aa1fb7-f8ff-4828-85d1-0d22c0942413,2024-03-15 19:54:04,liam.brown32@examplecorp.com,3.0,Average.,APAC,Product,Australia
6aaef923-1d17-4c2b-9c5f-e9c75b806599,2024-01-07 17:51:19,ava.johnson@examplecorp.com,3.0,It was okay.,EMEA,Sales,Denmark
13f62846-15d1-45f0-98f4-7fe9f15a6e0a,2024-03-31 11:17:37,liam.smith@examplecorp.com,4.0,Smooth process.,APAC,Finance,India
30b3f029-093f-458b-b464-4383aa81557f,2024-01-16 19:10:14,liam.brown@examplecorp.com,2.0,Slow process.,APAC,Engineering,India
9834ffd9-edab-4f93-91ae-7e498f9115d7,2024-02-26 21:31:55,emma.garcia35@examplecorp.com,5.0,Smooth process.,Americas,Finance,United States
1a1f0cab-ab51-4f5a-8e5a-779cc1f27667,2024-02-06 14:24:46,emma.garcia@examplecorp.com,4.0,Smooth process.,EMEA,Finance,Denmark
15b8e892-3b46-4c26-852b-027d0b243ce2,2024-02-07 18:18:37,ava.garcia45@examplecorp.com,4.0,Great experience.,APAC,Finance,Australia
5d95e606-4b79-4df1-86b4-556a9d45b74a,2024-01-01 06:34:27,emma.lopez@examplecorp.com,5.0,Fantastic.,EMEA,HR,Denmark
b1148666-62c8-4abd-a76d-92fb88a2dab7,2024-01-17 03:46:02,ava.smith@examplecorp.com,5.0,Fantastic.,APAC,Sales,Australia
f2e7e105-ac30-4ef1-afd6-a550b779b982,2024-02-07 07:12:02,olivia.johnson@examplecorp.com,4.0,Fantastic.,Americas,Customer Support,United States
22f5ed0e-04ff-43e3-ac85-6c390a010236,2024-03-01 02:49:20,lucas.lopez@examplecorp.com,3.0,It was okay.,EMEA,Finance,Germany
e5303db7-12c6-4285-8563-4f10a5dd5d83,2024-01-30 14:40:35,noah.lopez@examplecorp.com,4.0,Fantastic.,APAC,Finance,India
35f367cc-4c36-47a4-af0f-6d44781e2a25,2024-02-09 00:26:57,ava.garcia49@examplecorp.com,4.0,Fantastic.,APAC,Sales,India
fbe5022b-c3e5-49a8-81e0-d7fd58443d71,2024-01-13 14:22:24,liam.garcia15@examplecorp.com,5.0,Great experience.,APAC,Product,India
efe362d0-7a2d-40bb-8df9-705b27738c61,2024-01-03 09:01:43,ava.johnson@examplecorp.com,4.0,Fantastic.,EMEA,Sales,Denmark
71bd8102-5d3e-403f-a337-c0f1ab30898f,2024-01-24 16:18:32,olivia.brown@examplecorp.com,4.0,Smooth process.,APAC,Engineering,India
8362070a-87ac-4fcd-9494-6d09fa39aa20,2024-02-14 17:20:01,ava.garcia45@examplecorp.com,5.0,Great experience.,APAC,Finance,Australia
51ed7484-a8b6-4071-8f9f-ba5e0016acf5,2024-03-21 06:23:09,emma.hansen@examplecorp.com,4.0,Smooth process.,APAC,Talent Acquisition,Australia
abe90850-3a4c-4bc9-a516-5680b018eeb2,2024-03-18 10:45:17,ava.jensen12@examplecorp.com,4.0,Fantastic.,EMEA,Engineering,Germany
4becbe67-275b-4710-bc49-c7b3ff4c1e19,2024-02-29 05:15:31,lucas.lopez@examplecorp.com,4.0,Smooth process.,EMEA,Finance,Germany
d33452f3-f9ec-4127-810c-a0d6d3dc0e89,2024-03-22 15:47:59,sophia.johnson26@examplecorp.com,3.0,It was okay.,Americas,Finance,Canada
dfc279cd-5af9-447d-bf9d-7414664647d3,2024-03-20 22:49:34,olivia.brown@examplecorp.com,5.0,Fantastic.,APAC,Engineering,India
09b35c7d-007c-4f8d-bea9-668eb952048c,2024-01-27 04:14:22,lucas.johnson48@examplecorp.com,5.0,Fantastic.,APAC,Product,India
0a89c7b2-583b-421a-903a-a6bb1ed8f7c2,2024-01-12 05:07:49,lucas.hansen53@examplecorp.com,5.0,Smooth process.,APAC,HR,Australia
fb4d2ab9-2842-4e0b-aa28-d33d1e0d0a01,2024-01-21 16:08:07,ava.garcia49@examplecorp.com,5.0,Fantastic.,APAC,Sales,India
73b62cf4-0ce8-43b9-84d1-575bd7ba4f8a,2024-03-30 08:20:06,liam.nielsen@examplecorp.com,5.0,Fantastic.,APAC,Talent Acquisition,Australia
b07dd54d-4ab2-4d81-a8fd-d7a78f8785f1,2024-02-06 16:20:04,sophia.garcia@examplecorp.com,4.0,Smooth process.,Americas,Product,United States
03644dbb-d330-413e-a837-cfbda8df4291,2024-03-25 06:45:35,mason.garcia@examplecorp.com,4.0,Great experience.,Americas,Finance,Canada
f09b6fdd-8f25-4240-9bd5-9dd6c858a585,2024-02-29 06:16:02,liam.brown@examplecorp.com,4.0,Fantastic.,APAC,Engineering,India
25d2582d-3ecb-476b-acf2-3e2a2317b182,2024-02-10 16:12:34,sophia.johnson@examplecorp.com,5.0,Great experience.,Americas,Finance,United States
2e98f4d1-c95c-4c04-99c8-505ade08eb97,2024-02-19 23:41:49,noah.lopez@examplecorp.com,5.0,Great experience.,APAC,Finance,India
6ae62ecf-e4a3-465b-84ac-838555d1dcde,2024-02-24 02:32:43,mason.lopez@examplecorp.com,1.0,Slow process.,EMEA,Sales,Germany
25b262fc-24cc-4320-9f3a-e91f0e07661c,2024-02-16 14:13:15,mason.lopez@examplecorp.com,4.0,Smooth process.,EMEA,Sales,Germany
b620a421-a096-4097-84cb-83cbde5560e7,2024-02-02 18:46:36,emma.garcia40@examplecorp.com,5.0,Smooth process.,EMEA,Engineering,Denmark
7841155d-9e5a-427a-a0aa-7a1c3c0cf3c8,2024-01-18 00:40:46,emma.smith@examplecorp.com,3.0,Average.,EMEA,HR,Germany
8468d71e-d876-4867-99e8-7e179200b590,2024-01-13 21:14:58,mason.garcia55@examplecorp.com,4.0,Smooth process.,EMEA,Engineering,Germany
15af74c2-aef7-4a41-b0ca-7c0dbaa71c20,2024-02-16 12:14:09,noah.johnson@examplecorp.com,4.0,Fantastic.,EMEA,Finance,Germany
7c8b9daf-69f9-49da-86f5-987e21ee15b9,2024-03-26 18:31:53,lucas.johnson@examplecorp.com,3.0,Average.,APAC,Engineering,Australia
8c798b6c-d5e8-41b6-a2d3-49a14b782c8c,2024-03-18 21:49:36,ava.garcia56@examplecorp.com,5.0,Smooth process.,APAC,Marketing,India
0a1d4a11-16ff-4653-8733-69e6b417e3bf,2024-03-06 00:01:24,liam.brown32@examplecorp.com,5.0,Great experience.,APAC,Product,Australia
404d7578-9b47-4108-b7c2-5cf28dc48fa6,2024-03-01 06:25:34,emma.garcia@examplecorp.com,3.0,Neutral.,EMEA,Finance,Denmark
beb7ffed-9b3d-4386-9ccf-cd83b925de5f,2024-01-01 09:23:38,olivia.brown@examplecorp.com,3.0,Average.,APAC,Engineering,India
5b104572-1cf3-4135-a4e8-6e1e895f6c67,2024-03-10 14:33:42,olivia.jensen@examplecorp.com,5.0,Fantastic.,APAC,Marketing,Australia
1cd5daa7-7a67-4438-8572-ce9f5f85c576,2024-01-13 16:58:11,mason.smith@examplecorp.com,5.0,Smooth process.,Americas,Sales,Canada
51255bae-0e00-47e2-b825-2046892c5d59,2024-01-07 08:35:19,olivia.brown@examplecorp.com,5.0,Fantastic.,APAC,Engineering,India
459410aa-9997-4b07-80eb-89ea3b30a22b,2024-02-29 02:55:04,emma.garcia41@examplecorp.com,5.0,Great experience.,Americas,Engineering,Canada
87292bff-ce96-4004-a18e-a4a3f15deec1,2024-02-13 02:20:18,sophia.johnson26@examplecorp.com,4.0,Fantastic.,Americas,Finance,Canada
1946604d-cf8f-4381-93a6-dbe4f0a823d8,2024-03-29 02:20:11,noah.smith43@examplecorp.com,3.0,Average.,Americas,Finance,United States
d449408a-8152-4a3f-a3be-0de8c71a2f64,2024-01-09 14:44:50,emma.garcia@examplecorp.com,4.0,Great experience.,EMEA,Finance,Denmark
1f3db7a9-291d-413f-972c-0cbbc8e64fa9,2024-03-07 03:12:42,noah.jensen@examplecorp.com,5.0,Smooth process.,Americas,Talent Acquisition,United States
275d48f5-77eb-4295-aff4-7ade8c367e98,2024-02-04 14:18:49,lucas.lopez@examplecorp.com,5.0,Smooth process.,EMEA,Finance,Germany
a7f8147d-9ad4-42ec-a1c5-9c266626c8f6,2024-02-06 23:39:48,emma.garcia42@examplecorp.com,3.0,Neutral.,APAC,Finance,India
ce93581f-8ddb-42c0-8323-0cc073ede419,2024-03-11 06:58:43,ava.garcia49@examplecorp.com,5.0,Smooth process.,APAC,Sales,India
f13f7198-93f6-40d4-b3d6-7a4fd7fbd3e1,2024-01-30 05:31:30,ava.garcia49@examplecorp.com,2.0,Poor experience.,APAC,Sales,India
dd534fe4-a2da-4a43-9996-c90f2f2297cf,2024-03-01 17:40:14,liam.nielsen@examplecorp.com,5.0,Great experience.,APAC,Talent Acquisition,Australia
0ac791d0-a975-4781-bdb8-aaa392441ce2,2024-02-16 04:06:59,noah.lopez@examplecorp.com,3.0,It was okay.,APAC,Finance,India
5968f563-7ce3-4289-95eb-bf6f644164be,2024-03-13 03:31:57,liam.brown32@examplecorp.com,4.0,Great experience.,APAC,Product,Australia
812dabca-9e0e-4daf-bd72-6d2e88609ca1,2024-02-03 18:00:43,mason.garcia55@examplecorp.com,4.0,Great experience.,EMEA,Engineering,Germany
73eb0ba5-3cc7-4341-9315-9e5ed518d8b7,2024-03-20 21:12:09,ava.johnson@examplecorp.com,4.0,Smooth process.,EMEA,Sales,Denmark
c798a981-1be8-449b-9892-6f4ca44e911b,2024-03-03 14:50:30,emma.smith@examplecorp.com,5.0,Smooth process.,EMEA,HR,Germany
cd92672e-02fb-477c-8b05-72d052079cdf,2024-02-11 17:37:33,emma.garcia35@examplecorp.com,4.0,Great experience.,Americas,Finance,United States
ad4bd700-b99a-4410-bf24-023f091b3523,2024-02-18 20:12:39,ava.jensen12@examplecorp.com,4.0,Fantastic.,EMEA,Engineering,Germany
1ea4e641-9245-4be2-9dbd-b7ed9ad83bf1,2024-02-13 11:57:46,emma.garcia41@examplecorp.com,3.0,Neutral.,Americas,Engineering,Canada
a632fb67-8912-4d89-a70b-569790efdfd2,2024-02-10 01:30:51,mason.jensen30@examplecorp.com,3.0,It was okay.,EMEA,HR,Denmark
7fb6c921-f818-4fb1-b92d-2649e80319ee,2024-03-10 08:25:57,mason.jensen30@examplecorp.com,5.0,Great experience.,EMEA,HR,Denmark
934380dc-049a-49c4-b97f-1eaa56b0ec6f,2024-03-16 05:23:10,olivia.brown@examplecorp.com,5.0,Fantastic.,APAC,Engineering,India
bb80c71a-c987-4112-b310-b433745ae9b8,2024-02-12 02:38:28,mason.lopez37@examplecorp.com,5.0,Great experience.,EMEA,Engineering,Denmark
bbe2f41a-336d-45fb-9377-d9e5b2a435a9,2024-03-27 15:44:37,noah.garcia@examplecorp.com,5.0,Smooth process.,Americas,Marketing,United States
b3048224-31b8-4d6b-b306-fc4ccef7363d,2024-03-03 02:20:20,lucas.hansen@examplecorp.com,3.0,It was okay.,EMEA,Finance,Germany
61e62010-62c7-4346-a6ff-05faeb0e408e,2024-02-19 09:42:29,sophia.smith@examplecorp.com,2.0,Slow process.,Americas,Customer Support,Canada
ae856c00-d7aa-41d2-96ae-ece2e66609a4,2024-03-14 03:48:34,liam.johnson@examplecorp.com,4.0,Great experience.,Americas,Sales,Canada
d9e7845d-07b2-46f5-860f-daa91b612458,2024-03-05 00:08:41,olivia.brown@examplecorp.com,1.0,Poor experience.,APAC,Engineering,India
e20aff63-c8e2-443f-9273-ac440c9574dd,2024-02-17 15:27:38,noah.smith43@examplecorp.com,4.0,Smooth process.,Americas,Finance,United States
8baba20b-0cf3-411d-a5e9-786d59cddd98,2024-01-29 21:48:03,mason.garcia@examplecorp.com,3.0,Neutral.,Americas,Finance,Canada
6c44f9e1-c63c-41b2-9dfc-17895eed5305,2024-01-03 03:22:12,liam.lopez@examplecorp.com,2.0,Poor experience.,EMEA,Customer Support,Germany
8ce5779d-8694-4be1-992b-4e53c1077629,2024-03-30 14:22:36,ava.jensen12@examplecorp.com,3.0,Average.,EMEA,Engineering,Germany
19518cf3-af79-42be-9002-6f661b63ca9b,2024-02-25 22:40:17,liam.nielsen@examplecorp.com,3.0,Average.,APAC,Talent Acquisition,Australia
74d76575-5be7-4758-a956-be92a71b57c4,2024-01-07 01:32:15,lucas.lopez@examplecorp.com,3.0,It was okay.,EMEA,Finance,Germany
49b17fde-640d-48a0-be1d-811f05ba403d,2024-03-13 08:02:41,noah.garcia@examplecorp.com,2.0,Slow process.,Americas,Marketing,United States
7074dfb8-ce1f-4fa3-8022-8accd166a6f4,2024-01-16 17:16:06,mason.smith@examplecorp.com,4.0,Smooth process.,Americas,Sales,Canada
1dbe212f-3bdd-4dbe-ad78-0f55b9fb6821,2024-01-01 17:45:16,noah.smith43@examplecorp.com,3.0,It was okay.,Americas,Finance,United States
fdb479d5-99c0-4914-ba18-d6983bdc3607,2024-03-30 08:49:33,sophia.nielsen@examplecorp.com,3.0,It was okay.,EMEA,Engineering,Germany
ab8856b3-95dd-4a7a-b896-36752adaad48,2024-01-18 09:02:07,mason.jensen@examplecorp.com,3.0,Average.,EMEA,Talent Acquisition,Denmark
287de566-9a57-4743-91d7-5c7df9991d0d,2024-01-18 00:40:26,lucas.lopez@examplecorp.com,4.0,Smooth process.,EMEA,Finance,Germany
e306b229-1bfe-4534-aed4-1445bd6f7bf3,2024-02-18 10:01:42,lucas.johnson@examplecorp.com,1.0,Poor experience.,APAC,Engineering,Australia
96d60076-4ac0-470e-9045-6bd7727798fb,2024-03-03 13:14:09,emma.nielsen@examplecorp.com,5.0,Great experience.,APAC,Customer Support,India
44a4d198-3b0a-4db5-8422-95da6d01fa76,2024-02-29 22:15:15,lucas.lopez@examplecorp.com,3.0,Average.,EMEA,Finance,Germany
b0ec9514-0c97-487b-80cc-547529df6cf3,2024-02-16 13:06:47,mason.lopez37@examplecorp.com,1.0,Slow process.,EMEA,Engineering,Denmark
8d744024-f108-46a1-b2da-c4338845302e,2024-01-24 05:07:43,mason.garcia55@examplecorp.com,5.0,Smooth process.,EMEA,Engineering,Germany
045c1dcb-bec7-4403-afc7-d973a63ff1c1,2024-01-31 01:03:01,ava.jensen12@examplecorp.com,4.0,Smooth process.,EMEA,Engineering,Germany
3d7a5636-3d12-4962-8c61-335ec911492b,2024-03-12 20:47:57,ava.jensen12@examplecorp.com,4.0,Fantastic.,EMEA,Engineering,Germany
169165b8-5a1b-4b4a-9c72-61b1ae03176c,2024-03-27 02:46:15,liam.nielsen@examplecorp.com,4.0,Fantastic.,APAC,Talent Acquisition,Australia
fe2f6abb-be41-4d95-b527-0a39d1fa913e,2024-03-12 15:42:09,noah.smith58@examplecorp.com,5.0,Smooth process.,Americas,Engineering,United States
3245efad-24ec-42b4-891c-1c1978d33bfe,2024-01-14 08:12:58,lucas.lopez@examplecorp.com,4.0,Great experience.,EMEA,Finance,Germany
9999df7f-60c1-4387-b01e-3ad6fe4ebef0,2024-03-17 07:29:06,olivia.brown@examplecorp.com,2.0,Slow process.,APAC,Engineering,India
b980797e-4292-4e40-9a6e-0aa8e5c39130,2024-02-02 05:25:10,mason.jensen@examplecorp.com,4.0,Smooth process.,EMEA,Talent Acquisition,Denmark
1c61e889-1b2b-4daa-a82b-06f44e8e5928,2024-01-26 12:09:01,olivia.nielsen@examplecorp.com,5.0,Smooth process.,APAC,Marketing,Australia
fc23660d-0874-4a65-ac3b-ffc5a6047c62,2024-01-31 13:53:24,lucas.hansen@examplecorp.com,4.0,Smooth process.,EMEA,Finance,Germany
4f9c7d45-f184-4134-a687-f8d595fdc733,2024-01-10 10:06:20,sophia.nielsen@examplecorp.com,5.0,Fantastic.,EMEA,Engineering,Germany
017e0701-0e48-4e48-8e13-bbb0dcda38cf,2024-01-06 07:02:25,noah.lopez@examplecorp.com,5.0,Smooth process.,APAC,Finance,India
195621ba-0815-4710-996f-7b410123ca42,2024-02-24 02:44:59,liam.brown32@examplecorp.com,5.0,Great experience.,APAC,Product,Australia
5549accd-4296-4458-905a-bac1b4a85cf7,2024-01-19 03:58:30,ava.johnson@examplecorp.com,4.0,Fantastic.,EMEA,Sales,Denmark
df7e4481-6ce3-422c-9fac-299af8e4e94e,2024-01-29 22:13:37,olivia.garcia@examplecorp.com,3.0,Neutral.,EMEA,Customer Support,Denmark
f71eb2b6-bb1a-45d4-a70f-4cf1ab4b5857,2024-01-29 18:46:32,liam.brown32@examplecorp.com,2.0,Not good.,APAC,Product,Australia
5b56a769-79e2-45c8-ba64-6a4c2b06c10d,2024-03-19 23:54:07,emma.hansen@examplecorp.com,4.0,Fantastic.,APAC,Talent Acquisition,Australia
eac1c2d8-26d4-463d-a072-b6c447406967,2024-02-28 23:45:38,sophia.smith@examplecorp.com,4.0,Fantastic.,Americas,Customer Support,Canada
8970588b-d4ac-482d-a45e-5a69c37f9dd6,2024-02-18 11:27:56,sophia.garcia@examplecorp.com,2.0,Slow process.,Americas,Product,United States
c04ed83b-57b4-49cd-8c9b-dbbb2fb6878a,2024-02-28 20:57:18,olivia.brown@examplecorp.com,4.0,Fantastic.,APAC,Engineering,India
62969452-55ab-4459-b084-0986dd0489bf,2024-03-24 09:53:02,olivia.garcia44@examplecorp.com,4.0,Fantastic.,APAC,Sales,India
b094d443-8379-410e-85e8-d0dca2f43f7c,2024-01-10 13:36:44,mason.jensen@examplecorp.com,5.0,Great experience.,EMEA,Talent Acquisition,Denmark
514574e7-08ff-4357-98c8-fd1161a8288b,2024-02-17 14:07:46,mason.jensen30@examplecorp.com,3.0,Neutral.,EMEA,HR,Denmark
d1946956-e75b-489e-9f4b-fa7e3a8e73f3,2024-02-16 23:00:03,emma.garcia@examplecorp.com,4.0,Fantastic.,EMEA,Finance,Denmark
9c742c6b-2a3a-4329-8812-e791f1414b65,2024-02-06 04:25:32,lucas.hansen53@examplecorp.com,2.0,Slow process.,APAC,HR,Australia
67a544a0-7bd2-417c-95b5-bf8d9d166088,2024-03-22 12:34:08,lucas.hansen53@examplecorp.com,5.0,Great experience.,APAC,HR,Australia
1f992a50-c2a0-4b97-9da9-d8304896decf,2024-01-04 15:56:00,liam.brown@examplecorp.com,3.0,Average.,APAC,Engineering,India
b5108d04-c97b-48f7-b6db-5aa8e75df3b0,2024-02-07 09:28:46,liam.garcia15@examplecorp.com,4.0,Fantastic.,APAC,Product,India
ffff56cb-a323-463e-8c19-93901efd0926,2024-03-28 02:52:59,liam.brown32@examplecorp.com,5.0,Smooth process.,APAC,Product,Australia
33c3f988-6f90-4a11-8c12-27eca21a8692,2024-02-18 17:18:10,lucas.hansen@examplecorp.com,5.0,Fantastic.,EMEA,Finance,Germany
652ea147-4e2a-41eb-aa5c-1e8880325732,2024-01-06 09:42:49,lucas.lopez@examplecorp.com,4.0,Smooth process.,EMEA,Finance,Germany
27aac575-bc19-41fb-b776-768d29a9b947,2024-02-20 02:26:57,mason.jensen@examplecorp.com,2.0,Not good.,EMEA,Talent Acquisition,Denmark
1b2af357-45f5-4f0f-8043-115f30ccac7b,2024-01-14 04:11:17,lucas.garcia@examplecorp.com,1.0,Slow process.,APAC,Customer Support,India
8f70b185-6a4f-44fc-ac27-323c21b0a3c3,2024-02-22 23:29:30,liam.smith@examplecorp.com,4.0,Smooth process.,APAC,Finance,India
fbc0cbbf-e577-48e6-b15c-5232cb356afc,2024-01-08 11:52:09,emma.garcia41@examplecorp.com,4.0,Smooth process.,Americas,Engineering,Canada
9594bdc1-cef3-49b1-9f89-61df7e076e45,2024-02-02 15:39:10,emma.lopez@examplecorp.com,2.0,Poor experience.,EMEA,HR,Denmark
d2e63dfc-3805-4c82-be90-4d16477452ae,2024-03-11 10:05:49,liam.brown32@examplecorp.com,3.0,It was okay.,APAC,Product,Australia
45fdeb70-1ebc-4d6d-9818-341dfa6dae20,2024-02-12 10:25:14,mason.smith@examplecorp.com,5.0,Fantastic.,Americas,Sales,Canada
abd7271b-ea6e-4bfd-b1fd-3f1ddc610f6c,2024-02-24 03:00:26,olivia.jensen@examplecorp.com,4.0,Fantastic.,APAC,Marketing,Australia
48959e35-d607-435b-b0b7-137e36c7b2fa,2024-01-17 05:02:43,emma.garcia35@examplecorp.com,4.0,Smooth process.,Americas,Finance,United States
f0a30171-0860-45ed-8e47-358bf66d2662,2024-01-20 22:05:53,mason.jensen@examplecorp.com,4.0,Great experience.,EMEA,Talent Acquisition,Denmark
3ec97efd-700b-4039-975a-ba30533bf3aa,2024-02-18 16:16:53,mason.lopez@examplecorp.com,3.0,It was okay.,EMEA,Sales,Germany
fb56e3cd-76da-43b6-93f0-699330ce3fe7,2024-03-09 22:16:35,lucas.johnson@examplecorp.com,4.0,Fantastic.,APAC,Engineering,Australia
b5da34ca-d374-4a60-a87a-7dfc3be977a2,2024-02-16 05:12:00,mason.jensen@examplecorp.com,3.0,Average.,EMEA,Talent Acquisition,Denmark
a25a64c8-a3f8-49c6-b7e5-2958f36e3c60,2024-01-15 15:10:59,noah.jensen@examplecorp.com,5.0,Great experience.,Americas,Talent Acquisition,United States
8b478a98-96e9-4cf2-9dde-28d415ab7c0d,2024-03-22 14:30:23,mason.smith@examplecorp.com,3.0,Average.,Americas,Sales,Canada
b19ee6ca-ed57-4a6d-b348-06606fbc25f5,2024-03-14 14:40:47,liam.garcia@examplecorp.com,4.0,Fantastic.,APAC,Talent Acquisition,India
152ee9eb-08a2-4689-b349-a1bccdfd7240,2024-02-23 10:53:02,emma.smith@examplecorp.com,5.0,Fantastic.,EMEA,HR,Germany
3e04b122-bf74-4dd2-9f47-05f865999974,2024-01-11 05:45:46,sophia.johnson@examplecorp.com,4.0,Great experience.,Americas,Finance,United States
792aab66-9e74-466c-9b5e-1121b32ca68f,2024-01-04 06:22:10,lucas.lopez@examplecorp.com,3.0,It was okay.,EMEA,Finance,Germany
6e2d8783-a784-4a5b-831a-d8c2750e70fd,2024-03-13 10:04:53,mason.lopez@examplecorp.com,4.0,Fantastic.,EMEA,Sales,Germany
554519d9-3d45-49f0-b40e-013b24748506,2024-01-03 15:08:39,ava.garcia49@examplecorp.com,2.0,Not good.,APAC,Sales,India
349a3ea3-160e-4a2a-b21c-1ded8b809f38,2024-01-24 09:10:26,mason.jensen@examplecorp.com,5.0,Fantastic.,EMEA,Talent Acquisition,Denmark
79a15b17-acaf-495b-a70d-acc542339e10,2024-01-05 17:42:04,ava.garcia49@examplecorp.com,2.0,Slow process.,APAC,Sales,India
c305ccbb-32e4-4935-b9e5-18f6cfb24a82,2024-01-21 11:12:20,liam.nielsen@examplecorp.com,5.0,Fantastic.,APAC,Talent Acquisition,Australia
ed83024e-916c-4e7b-85b2-ec5b8ac93bc5,2024-01-05 21:19:17,emma.garcia40@examplecorp.com,4.0,Fantastic.,EMEA,Engineering,Denmark
38eca8f6-6b24-4ee3-9e99-80eec605dc2f,2024-03-06 00:28:21,ava.garcia45@examplecorp.com,3.0,It was okay.,APAC,Finance,Australia
23db53fa-6635-46d2-8012-c7da4a08c8cd,2024-03-10 01:21:42,emma.garcia40@examplecorp.com,4.0,Fantastic.,EMEA,Engineering,Denmark
4a7190ad-d1b8-4773-a7c6-a92e210668e5,2024-02-05 04:06:10,emma.garcia@examplecorp.com,5.0,Fantastic.,EMEA,Finance,Denmark
9c3a517e-5062-45bf-b1a0-b2cb99be2562,2024-03-13 03:21:13,lucas.lopez@examplecorp.com,4.0,Fantastic.,EMEA,Finance,Germany
d5a2cdac-ea28-4db5-9991-e1797117500d,2024-03-11 14:43:38,noah.lopez@examplecorp.com,3.0,Average.,APAC,Finance,India
6a39d463-bc6b-4961-ae66-f5ddec3bb8b6,2024-01-02 02:35:42,noah.brown@examplecorp.com,4.0,Smooth process.,Americas,Finance,Canada
cc5b65cc-676d-46a2-9f85-256928e0a3a6,2024-01-04 07:27:40,sophia.garcia@examplecorp.com,5.0,Smooth process.,Americas,Product,United States
27e1b691-3722-4c7b-a3ea-0f9d3ce08879,2024-03-28 02:19:21,liam.johnson@examplecorp.com,5.0,Smooth process.,Americas,Sales,Canada
46dd196b-b5c1-4637-87a0-e411ffb9c7cd,2024-03-11 05:54:45,liam.garcia31@examplecorp.com,4.0,Smooth process.,Americas,Sales,Canada
9596bd38-a24d-47c2-b734-8ac921606c66,2024-02-19 10:07:02,noah.hansen@examplecorp.com,4.0,Fantastic.,Americas,HR,Canada
3b4c0a90-20be-436b-8014-5212f370b6fc,2024-02-15 00:44:49,lucas.garcia@examplecorp.com,1.0,Not good.,APAC,Customer Support,India
f7ab7707-0fc9-425f-ba35-ad4b2b932679,2024-03-05 04:55:42,lucas.lopez@examplecorp.com,3.0,It was okay.,EMEA,Finance,Germany
fb90da20-4238-4068-83c5-3a126ba1be97,2024-02-22 06:19:57,ava.garcia45@examplecorp.com,3.0,It was okay.,APAC,Finance,Australia
86acc6be-5aa3-4eb2-b8a5-b4abb9451828,2024-03-17 08:06:53,emma.lopez@examplecorp.com,5.0,Fantastic.,EMEA,HR,Denmark
e91b68fb-9f26-469e-8aa3-46fb02312ae1,2024-01-25 10:22:57,olivia.johnson@examplecorp.com,4.0,Great experience.,Americas,Customer Support,United States
7ecae3a1-d9b6-4212-b4ef-af69ad8e9eff,2024-01-21 09:17:08,olivia.jensen@examplecorp.com,5.0,Great experience.,APAC,Marketing,Australia
0f5b39f6-ec6a-4861-b5ef-8b75cb391a1a,2024-01-07 18:43:56,emma.lopez@examplecorp.com,2.0,Poor experience.,EMEA,HR,Denmark
e511dbf0-ed92-40e6-8721-d9ead3b875ca,2024-02-03 11:39:10,liam.garcia31@examplecorp.com,2.0,Slow process.,Americas,Sales,Canada
06bcb7b4-e442-47d6-aee8-daade935c8f2,2024-03-30 02:43:09,liam.johnson@examplecorp.com,3.0,It was okay.,Americas,Sales,Canada
5b766736-eacf-4d43-a1e6-b712481196c0,2024-01-14 05:06:16,emma.lopez@examplecorp.com,3.0,Neutral.,EMEA,HR,Denmark
21b2d74e-9c8d-411a-b8f5-e7a712724101,2024-02-23 16:11:42,ava.garcia56@examplecorp.com,4.0,Fantastic.,APAC,Marketing,India
354c23eb-9429-4405-a2b7-99aa26a9ab79,2024-02-14 08:48:10,liam.brown32@examplecorp.com,4.0,Great experience.,APAC,Product,Australia
984204e9-95ee-4b77-9024-4dc33d941e58,2024-03-13 20:51:30,lucas.johnson@examplecorp.com,5.0,Fantastic.,APAC,Engineering,Australia
a785ef6a-b414-4ba4-8388-04bde7127e62,2024-01-18 00:54:36,emma.garcia42@examplecorp.com,4.0,Fantastic.,APAC,Finance,India
69b2f463-77c0-4359-a49f-37c2313ff0e4,2024-01-16 06:17:34,ava.garcia56@examplecorp.com,3.0,Neutral.,APAC,Marketing,India
8b4b13e7-22f3-4d69-9501-ba0630ecb7ae,2024-02-06 15:50:38,ava.jensen@examplecorp.com,5.0,Smooth process.,Americas,Talent Acquisition,United States
f4697dff-4e35-4d15-ad81-187dc819bade,2024-01-23 06:16:37,ava.garcia49@examplecorp.com,4.0,Fantastic.,APAC,Sales,India
855bccb8-93e7-497b-a6e0-d8a3eaf70f80,2024-01-05 16:24:49,liam.johnson@examplecorp.com,5.0,Smooth process.,Americas,Sales,Canada
c0f7950c-a919-4672-8ebe-ac5065214e4a,2024-01-31 14:43:27,noah.lopez@examplecorp.com,4.0,Great experience.,APAC,Finance,India
ec696ffe-b727-4230-b7b9-a0acdd0c0085,2024-01-08 19:00:05,ava.garcia45@examplecorp.com,5.0,Fantastic.,APAC,Finance,Australia
8d3d8cbe-89df-4c17-9b63-28fb28197d68,2024-01-10 14:42:56,sophia.nielsen@examplecorp.com,3.0,Neutral.,EMEA,Engineering,Germany
21fb2183-a743-4878-adcd-18ac4e7a8d91,2024-03-08 00:21:02,emma.garcia42@examplecorp.com,4.0,Great experience.,APAC,Finance,India
da7a9e09-c5fa-4cde-8f4f-365790a5d7a7,2024-02-10 20:18:33,olivia.brown@examplecorp.com,5.0,Smooth process.,APAC,Engineering,India
c6d40ebf-5866-48df-a4fc-1c360465db8a,2024-02-15 22:11:10,mason.lopez37@examplecorp.com,4.0,Fantastic.,EMEA,Engineering,Denmark
9cacfd3d-8972-4249-9ece-1ed93dcd4171,2024-02-23 03:25:40,noah.lopez@examplecorp.com,4.0,Fantastic.,APAC,Finance,India
a7884225-3d54-4f22-8ad5-6d6f3f7583c5,2024-02-01 15:35:04,emma.garcia42@examplecorp.com,5.0,Fantastic.,APAC,Finance,India
e3384d2e-d44a-4e2e-8cbd-8f122b7ec80e,2024-03-07 13:54:46,emma.lopez@examplecorp.com,3.0,Neutral.,EMEA,HR,Denmark
6c4053f4-1035-4492-85d3-996b1c205188,2024-02-13 20:06:44,olivia.nielsen@examplecorp.com,3.0,Average.,APAC,Marketing,Australia
c21e4092-75ac-4946-a532-44276c458220,2024-03-20 18:01:03,liam.nielsen@examplecorp.com,4.0,Fantastic.,APAC,Talent Acquisition,Australia
12f4bc28-56ed-4b71-a343-e4f104da8d8e,2024-01-24 14:44:04,noah.smith58@examplecorp.com,5.0,Fantastic.,Americas,Engineering,United States
971d2c1c-e64f-4de9-89ef-ebf6c58e366a,2024-01-16 01:09:17,liam.smith@examplecorp.com,3.0,Neutral.,APAC,Finance,India
d240674b-772e-43f0-9402-74968a287ef8,2024-02-18 13:31:13,lucas.hansen@examplecorp.com,5.0,Great experience.,EMEA,Finance,Germany
c63fff98-d247-4aac-853c-28bc3c6a4eb9,2024-02-27 07:11:00,ava.johnson@examplecorp.com,3.0,Average.,EMEA,Sales,Denmark
4a654c6f-f8d6-4215-b5ba-8d0571a32d26,2024-03-07 17:31:44,mason.jensen@examplecorp.com,5.0,Great experience.,EMEA,Talent Acquisition,Denmark
5888a5fd-6cbe-4a2f-9ce5-4920f957bbd7,2024-03-06 17:41:43,noah.smith@examplecorp.com,4.0,Great experience.,APAC,Product,Australia
0feff22a-c478-4efd-8571-2d50cfc9704b,2024-03-11 14:11:54,emma.garcia40@examplecorp.com,5.0,Smooth process.,EMEA,Engineering,Denmark
2925834a-df77-420c-b15f-319072da9c67,2024-01-28 13:55:34,liam.lopez@examplecorp.com,3.0,Average.,EMEA,Customer Support,Germany
ca296261-52d7-4d46-9184-7ef5d4127dbe,2024-01-10 05:01:22,liam.brown@examplecorp.com,4.0,Great experience.,APAC,Engineering,India
122c6b78-1908-403d-8759-f48b950056dc,2024-02-21 05:58:06,noah.smith58@examplecorp.com,4.0,Smooth process.,Americas,Engineering,United States
b0c9fddb-296e-4172-a927-a526524607a3,2024-01-05 03:33:12,emma.nielsen@examplecorp.com,5.0,Fantastic.,APAC,Customer Support,India
4f8c5f9b-21e3-47a8-af1c-59b86529f1f9,2024-01-07 10:40:10,ava.jensen@examplecorp.com,5.0,Fantastic.,Americas,Talent Acquisition,United States
d3dc0e23-1779-4179-a6bc-3185cd75feef,2024-01-19 04:44:27,ava.garcia45@examplecorp.com,4.0,Great experience.,APAC,Finance,Australia
b0110042-a7e7-41d0-8583-adfa10520b8e,2024-02-09 21:00:52,lucas.hansen53@examplecorp.com,2.0,Poor experience.,APAC,HR,Australia
1309b1e5-b7ce-4243-8e20-ab90678e477c,2024-03-09 18:00:28,sophia.smith@examplecorp.com,5.0,Fantastic.,Americas,Customer Support,Canada
00620e2f-cf67-4d1e-9c29-3301fcbe51a3,2024-01-17 07:22:43,emma.nielsen@examplecorp.com,4.0,Great experience.,APAC,Customer Support,India
59ee6324-a74f-4a65-a134-c3a06aa7f464,2024-03-03 01:23:10,mason.jensen30@examplecorp.com,3.0,Neutral.,EMEA,HR,Denmark
fc8c2d5e-0ff6-44e9-9a94-0620d4f9d1a2,2024-02-27 17:43:43,ava.garcia@examplecorp.com,5.0,Great experience.,Americas,Customer Support,Canada
7893da84-a8c0-4cad-9e6e-c8ee81f46645,2024-03-11 21:25:21,liam.lopez@examplecorp.com,4.0,Smooth process.,EMEA,Customer Support,Germany
2ef876ec-f87f-4a98-9b76-c5bc7c9ba365,2024-03-30 03:23:30,liam.garcia15@examplecorp.com,4.0,Great experience.,APAC,Product,India
7f0b5d57-2a99-4677-8b98-b5d7279a9035,2024-02-21 07:55:13,liam.brown32@examplecorp.com,3.0,It was okay.,APAC,Product,Australia
59b8b2a3-5b9d-4b4f-adb7-574e4cc24b80,2024-03-29 05:12:03,noah.brown@examplecorp.com,5.0,Smooth process.,Americas,Finance,Canada
93cc8ce2-ea06-483d-b83e-877e22877328,2024-03-16 10:18:35,lucas.hansen53@examplecorp.com,2.0,Slow process.,APAC,HR,Australia
162721c3-8a3c-40ce-a2bf-a7029ff42cac,2024-01-15 05:29:20,mason.lopez@examplecorp.com,4.0,Smooth process.,EMEA,Sales,Germany
2e9cc32a-e47d-46dc-960d-f8563ca1c017,2024-01-16 15:16:38,emma.garcia40@examplecorp.com,4.0,Smooth process.,EMEA,Engineering,Denmark
bd1eca7e-3c8b-48e1-9475-4e3ab62bfb72,2024-01-07 22:43:59,emma.hansen@examplecorp.com,4.0,Fantastic.,APAC,Talent Acquisition,Australia
25cd71ae-a0d3-40b5-8f11-79f793df489d,2024-02-11 10:21:57,sophia.nielsen@examplecorp.com,5.0,Great experience.,EMEA,Engineering,Germany
d99c0f8e-0aa1-4626-bcaa-736e8d31cd77,2024-02-05 16:16:31,liam.brown32@examplecorp.com,4.0,Fantastic.,APAC,Product,Australia
7d583ace-9234-4483-aae1-df00a76bc8b0,2024-02-02 04:50:39,mason.jensen@examplecorp.com,5.0,Fantastic.,EMEA,Talent Acquisition,Denmark
468220b7-dbd7-445d-a044-7674f8a66b73,2024-03-07 09:52:33,mason.jensen@examplecorp.com,4.0,Smooth process.,EMEA,Talent Acquisition,Denmark
ca5ed8d3-616d-4292-9dd6-3f9163358fa8,2024-03-10 20:55:39,mason.jensen30@examplecorp.com,3.0,Neutral.,EMEA,HR,Denmark
b9ce7301-ce5a-4244-9f52-f1cde0f93ab5,2024-02-02 05:49:45,emma.hansen@examplecorp.com,3.0,It was okay.,APAC,Talent Acquisition,Australia
b796467a-4e5c-4d56-b6b5-b66807702246,2024-03-10 00:32:54,liam.lopez@examplecorp.com,5.0,Smooth process.,EMEA,Customer Support,Germany
8c6ff687-7688-4445-9547-42408b79fc9c,2024-03-03 03:48:42,noah.hansen@examplecorp.com,2.0,Not good.,Americas,HR,Canada
5654c148-044b-4613-8950-c8f46a428125,2024-02-21 23:44:05,lucas.johnson@examplecorp.com,3.0,Average.,APAC,Engineering,Australia
205f9c77-ada9-4669-97d2-ab52b03a3633,2024-02-16 16:54:49,liam.garcia31@examplecorp.com,3.0,It was okay.,Americas,Sales,Canada
91d0b5ba-1b56-41fa-b43e-5c19f52f3612,2024-02-21 16:09:48,sophia.johnson@examplecorp.com,4.0,Great experience.,Americas,Finance,United States
336ab5c4-e31e-4ee1-829a-7f415c468e8f,2024-01-10 01:10:48,liam.garcia15@examplecorp.com,3.0,Average.,APAC,Product,India
fd85d398-3859-4061-97cd-28ed6754cb38,2024-01-11 02:39:28,ava.garcia45@examplecorp.com,4.0,Fantastic.,APAC,Finance,Australia
fe404866-2210-4518-a938-f48d03c2a7c7,2024-03-03 00:42:18,olivia.jensen@examplecorp.com,4.0,Fantastic.,APAC,Marketing,Australia
f710092d-c535-4f31-97cd-1d1f4814c577,2024-03-19 13:00:44,olivia.nielsen@examplecorp.com,2.0,Poor experience.,APAC,Marketing,Australia
4fae8305-2105-4dd8-9337-1caf3e89a4bd,2024-03-10 14:20:53,olivia.johnson@examplecorp.com,5.0,Great experience.,Americas,Customer Support,United States
f4eea457-41ca-4bc1-bc02-5b1b85f68b5e,2024-02-04 07:53:33,noah.lopez@examplecorp.com,4.0,Great experience.,APAC,Finance,India
044ffe2a-22ed-480b-b72d-c76922f403f1,2024-01-15 12:52:13,emma.garcia@examplecorp.com,3.0,Neutral.,EMEA,Finance,Denmark
41cd0dc7-59dd-4f11-a705-0f9762f0820e,2024-01-02 22:54:09,mason.garcia55@examplecorp.com,2.0,Poor experience.,EMEA,Engineering,Germany
32e9beb4-3e7f-4d03-82a2-8f4e4b25f5dc,2024-03-08 19:00:37,noah.hansen@examplecorp.com,4.0,Great experience.,Americas,HR,Canada
b439c828-3cc5-4c0a-9bc1-fe5f2758ff0f,2024-02-21 21:09:40,ava.jensen12@examplecorp.com,5.0,Smooth process.,EMEA,Engineering,Germany
b34cdbd3-be50-41a6-8660-f7f978d82d31,2024-03-06 16:29:28,emma.garcia40@examplecorp.com,2.0,Poor experience.,EMEA,Engineering,Denmark
e8a90625-6726-40f1-ba1e-b39b1a162a3f,2024-03-18 22:42:36,liam.garcia15@examplecorp.com,5.0,Smooth process.,APAC,Product,India
3b179673-d98d-4910-9afe-43f24b573203,2024-03-18 12:15:34,noah.smith43@examplecorp.com,4.0,Great experience.,Americas,Finance,United States
e15ffae8-3bfd-42ab-8788-7f135918bef3,2024-02-10 18:36:50,mason.lopez37@examplecorp.com,4.0,Fantastic.,EMEA,Engineering,Denmark
613b0565-8281-4fba-8596-57df8d320d93,2024-03-14 14:28:16,noah.smith43@examplecorp.com,4.0,Great experience.,Americas,Finance,United States
003d1793-31fb-49e2-8642-10fede30fbe4,2024-01-02 13:20:52,noah.smith43@examplecorp.com,3.0,Average.,Americas,Finance,United States
cc080cbd-207f-40aa-8b83-374bde839747,2024-02-03 11:39:43,olivia.jensen@examplecorp.com,4.0,Fantastic.,APAC,Marketing,Australia
7b067d27-c650-4543-a360-93512e311bab,2024-02-05 04:26:14,emma.smith@examplecorp.com,3.0,It was okay.,EMEA,HR,Germany
51df2c0d-672a-4356-9b86-cb31cb626f3e,2024-02-24 19:05:22,emma.garcia35@examplecorp.com,5.0,Great experience.,Americas,Finance,United States
4551b189-0eff-4c97-bc29-3627024dc116,2024-02-15 20:48:37,mason.garcia@examplecorp.com,2.0,Not good.,Americas,Finance,Canada
30738190-8125-4eda-849a-7698b8b57e4a,2024-03-03 23:05:29,liam.garcia31@examplecorp.com,1.0,Not good.,Americas,Sales,Canada
0094487c-2963-4206-9ac2-2655dea54a3d,2024-01-20 09:11:43,noah.smith58@examplecorp.com,3.0,Average.,Americas,Engineering,United States
4c207223-679f-478b-b915-028ee8c5a2a1,2024-02-03 09:10:05,ava.johnson@examplecorp.com,3.0,It was okay.,EMEA,Sales,Denmark
55862959-58e1-4905-b283-7230d70dc89d,2024-01-25 16:00:26,emma.hansen@examplecorp.com,5.0,Fantastic.,APAC,Talent Acquisition,Australia
1aa1fab9-b8dd-442f-8e0b-bd9ec1fd831a,2024-01-09 00:28:24,olivia.nielsen@examplecorp.com,4.0,Great experience.,APAC,Marketing,Australia
5e939827-f285-4f61-ad70-0309a153a1c0,2024-02-02 23:24:47,emma.garcia@examplecorp.com,4.0,Smooth process.,EMEA,Finance,Denmark
f5b25b0a-00e5-46c3-aed8-93c5b23e6a7c,2024-01-12 06:47:45,lucas.lopez@examplecorp.com,5.0,Fantastic.,EMEA,Finance,Germany
373f94aa-a1ca-4c3c-917f-e78877a27174,2024-02-24 06:07:11,emma.lopez@examplecorp.com,4.0,Great experience.,EMEA,HR,Denmark
9cf565f2-a33c-465e-a29e-eac0f69ff5e4,2024-03-30 20:25:42,ava.jensen12@examplecorp.com,4.0,Fantastic.,EMEA,Engineering,Germany
0358c3f5-87ab-4e82-bf7e-d046af0d5c08,2024-02-02 10:06:15,emma.garcia@examplecorp.com,5.0,Fantastic.,EMEA,Finance,Denmark
9cb0310f-2abc-4ecf-bda0-e054d1ec2b0b,2024-01-17 09:28:48,mason.lopez@examplecorp.com,4.0,Smooth process.,EMEA,Sales,Germany
82a1878c-62b1-44de-bdf1-047a691d033d,2024-03-28 07:10:32,liam.garcia31@examplecorp.com,4.0,Fantastic.,Americas,Sales,Canada
a147f1f6-6d9d-4501-9401-b0b0cab41aab,2024-03-28 23:45:58,olivia.jensen@examplecorp.com,3.0,It was okay.,APAC,Marketing,Australia
68a795d6-2cd9-479c-abb4-1c9bd9e7f0ea,2024-02-28 11:03:01,ava.garcia49@examplecorp.com,4.0,Great experience.,APAC,Sales,India
7d936a5e-7518-4f02-83ef-ef84c4738411,2024-01-24 10:09:18,noah.smith58@examplecorp.com,4.0,Fantastic.,Americas,Engineering,United States
251d841d-c1bb-4069-8be5-83bff3d83bf5,2024-03-09 15:57:59,ava.garcia49@examplecorp.com,4.0,Smooth process.,APAC,Sales,India
b8b6fa16-fc19-4d7b-82b7-0b4bc45ffd0e,2024-01-26 04:13:27,liam.garcia31@examplecorp.com,5.0,Fantastic.,Americas,Sales,Canada
2d50a1fb-acd4-4fd9-bb17-8450c12acdd0,2024-03-15 04:09:33,olivia.brown@examplecorp.com,3.0,Neutral.,APAC,Engineering,India
5a756a91-8888-4499-9609-ab8228be266c,2024-01-15 03:14:12,lucas.johnson48@examplecorp.com,5.0,Fantastic.,APAC,Product,India
d98ed281-51f2-4250-bb90-4ae62f50aef0,2024-01-26 13:28:21,liam.brown@examplecorp.com,5.0,Fantastic.,APAC,Engineering,India
51862f24-4ce1-4736-ac6c-2be18aa197b2,2024-02-27 10:05:40,liam.nielsen@examplecorp.com,5.0,Fantastic.,APAC,Talent Acquisition,Australia
76ed1aed-844d-4037-9bf7-bac2822ed57c,2024-01-26 15:14:00,emma.garcia42@examplecorp.com,4.0,Great experience.,APAC,Finance,India
c5b39d53-9ed4-42d4-bbc0-e72f2ec971c7,2024-01-31 20:26:41,lucas.johnson@examplecorp.com,5.0,Smooth process.,APAC,Engineering,Australia
177029dd-7017-475a-9b46-df60f1a64be7,2024-03-07 23:38:10,ava.garcia45@examplecorp.com,2.0,Slow process.,APAC,Finance,Australia
cdaaa6b9-57ff-415a-b024-b11e2ed97f05,2024-01-08 09:48:24,liam.lopez@examplecorp.com,4.0,Fantastic.,EMEA,Customer Support,Germany
4d186885-09bd-41d9-b31f-02264767cbf6,2024-01-03 21:20:20,liam.johnson@examplecorp.com,2.0,Not good.,Americas,Sales,Canada
b2d7cd1d-1de5-4838-9c01-c60c6e9f995b,2024-01-24 22:20:07,liam.brown@examplecorp.com,4.0,Fantastic.,APAC,Engineering,India
b2c9a21d-a730-40d7-815c-09fb57d8ee0b,2024-02-18 18:55:40,sophia.johnson26@examplecorp.com,5.0,Fantastic.,Americas,Finance,Canada
4d1fe529-e630-4394-a71f-01109646fbdb,2024-01-21 04:04:56,emma.nielsen@examplecorp.com,4.0,Great experience.,APAC,Customer Support,India
59e31aa1-edf1-45d8-9a3f-9c447d263378,2024-01-15 11:08:05,liam.nielsen@examplecorp.com,3.0,Neutral.,APAC,Talent Acquisition,Australia
13a1edb4-ac85-4d74-a7c5-6b1872c81506,2024-01-11 21:49:27,liam.garcia@examplecorp.com,4.0,Fantastic.,APAC,Talent Acquisition,India
46da8621-e5e3-4084-8701-9273b6b14ff5,2024-03-15 11:29:50,sophia.garcia@examplecorp.com,1.0,Not good.,Americas,Product,United States
4e398793-d1c8-451c-b35f-35501a578872,2024-02-23 19:53:23,olivia.garcia@examplecorp.com,5.0,Smooth process.,EMEA,Customer Support,Denmark
3fb60a0e-0fdc-4ebb-a0e2-507fb29d3d2f,2024-02-12 12:37:10,lucas.garcia@examplecorp.com,3.0,Neutral.,APAC,Customer Support,India
0def515a-867a-407c-9f30-024dbf755ffb,2024-03-31 18:22:45,emma.garcia35@examplecorp.com,4.0,Smooth process.,Americas,Finance,United States
d88b73a9-ab3a-4e7b-8de1-fc1b29303341,2024-02-26 15:00:32,olivia.garcia44@examplecorp.com,2.0,Not good.,APAC,Sales,India
61ed1654-98e6-420b-881a-5374398bc5d8,2024-03-28 19:09:28,lucas.garcia@examplecorp.com,5.0,Smooth process.,APAC,Customer Support,India
20289690-5e53-4140-ad04-109cb196c8ce,2024-03-20 01:58:19,emma.smith@examplecorp.com,5.0,Great experience.,EMEA,HR,Germany
4e753286-5c17-4966-a045-fef03469e053,2024-02-03 14:13:39,noah.johnson@examplecorp.com,4.0,Fantastic.,EMEA,Finance,Germany
a0969c51-4e91-455d-8665-8bad621788f6,2024-01-23 08:00:55,noah.jensen@examplecorp.com,5.0,Great experience.,Americas,Talent Acquisition,United States
9e70cb46-6f4e-4cad-bbc2-da8b35a97ca4,2024-02-24 11:28:45,mason.garcia55@examplecorp.com,3.0,Average.,EMEA,Engineering,Germany
970f96ab-23f8-448d-8ae5-561a3e7f7cd6,2024-01-14 15:43:24,emma.garcia35@examplecorp.com,3.0,Neutral.,Americas,Finance,United States
2922737f-2a1f-42fe-9828-c378d99c2bb8,2024-01-04 14:09:49,mason.smith@examplecorp.com,4.0,Fantastic.,Americas,Sales,Canada
2eefa122-5b6f-4ee5-9364-e0044ee9a169,2024-03-27 21:56:55,liam.smith@examplecorp.com,4.0,Smooth process.,APAC,Finance,India
01d97bec-d5da-4160-987c-39a75a2bb02e,2024-02-24 21:10:07,ava.garcia56@examplecorp.com,5.0,Great experience.,APAC,Marketing,India
b678c953-a357-41f4-b1c2-8527d6ed2bfa,2024-01-12 04:06:16,noah.smith@examplecorp.com,4.0,Great experience.,APAC,Product,Australia
73858835-a273-43b1-b8b7-af47b7bd6f9d,2024-02-06 09:16:13,emma.hansen@examplecorp.com,4.0,Smooth process.,APAC,Talent Acquisition,Australia
a2038412-42dd-4489-b5ac-1542b7a6fad4,2024-01-20 18:23:00,liam.brown32@examplecorp.com,4.0,Smooth process.,APAC,Product,Australia
43e46df8-b267-4a2a-b71c-fa694402cfce,2024-01-11 08:05:09,olivia.garcia@examplecorp.com,4.0,Smooth process.,EMEA,Customer Support,Denmark
53090b7f-a7d7-40bf-961c-22cec77de64b,2024-03-19 07:11:55,noah.hansen@examplecorp.com,4.0,Smooth process.,Americas,HR,Canada
e6a07b48-4a1b-46e1-8ffc-29b2d999247f,2024-02-09 14:55:42,mason.garcia55@examplecorp.com,4.0,Smooth process.,EMEA,Engineering,Germany
8f8592f1-f163-4cb8-b975-582d2a5ca8a6,2024-03-09 03:47:36,emma.hansen@examplecorp.com,3.0,It was okay.,APAC,Talent Acquisition,Australia
38e04b70-21b5-45b6-9fd0-665b1212587f,2024-03-28 18:18:09,emma.smith@examplecorp.com,5.0,Smooth process.,EMEA,HR,Germany
194fa7b0-bb25-42e3-867b-a19594bbf39a,2024-01-26 06:07:07,ava.garcia45@examplecorp.com,3.0,Neutral.,APAC,Finance,Australia
3746768c-eafd-4f44-9219-659a80f5bb25,2024-02-28 06:00:02,olivia.garcia44@examplecorp.com,5.0,Smooth process.,APAC,Sales,India
ffc65c3e-7718-4f5c-be9a-7bab46a9e227,2024-03-25 07:28:36,ava.garcia56@examplecorp.com,4.0,Fantastic.,APAC,Marketing,India
05c5adfb-ec47-4eb5-96f8-188407ba8890,2024-03-27 09:30:30,emma.nielsen@examplecorp.com,5.0,Fantastic.,APAC,Customer Support,India
b44433a2-2f06-4081-9f1d-e1ed3a6a835f,2024-03-03 11:32:37,olivia.brown@examplecorp.com,5.0,Great experience.,APAC,Engineering,India
ea888da5-74ae-4652-b7b7-efb23f114ece,2024-02-20 10:18:11,sophia.smith@examplecorp.com,4.0,Fantastic.,Americas,Customer Support,Canada
8c2f39d8-79d0-4ad1-9b5f-33dd9b9bebed,2024-03-08 06:55:04,mason.smith@examplecorp.com,5.0,Smooth process.,Americas,Sales,Canada
f4f9a50a-dda6-4835-a693-687755d8dd24,2024-03-13 07:34:11,mason.garcia55@examplecorp.com,3.0,It was okay.,EMEA,Engineering,Germany
9ec03258-5e78-451d-84a3-eea624418763,2024-01-16 11:46:50,mason.smith@examplecorp.com,5.0,Fantastic.,Americas,Sales,Canada
3927dfa8-6f49-4739-bd4a-c6cd8f6c6571,2024-02-16 17:25:31,mason.lopez@examplecorp.com,4.0,Smooth process.,EMEA,Sales,Germany
3009a359-8230-4b0f-a6ee-f640f8600db0,2024-02-12 22:29:47,sophia.smith@examplecorp.com,4.0,Great experience.,Americas,Customer Support,Canada
8cd3ba39-d0f8-45ff-be8b-6a5e08f86fb8,2024-03-29 02:29:31,liam.lopez@examplecorp.com,4.0,Fantastic.,EMEA,Customer Support,Germany
5292c8ed-62a3-45dd-bbee-5be08bf8e2b7,2024-02-04 02:12:22,mason.garcia@examplecorp.com,5.0,Fantastic.,Americas,Finance,Canada
47e92ad9-198f-4f0e-8043-1d6680832510,2024-01-04 05:56:27,mason.lopez@examplecorp.com,4.0,Great experience.,EMEA,Sales,Germany
c1faa7b0-1bc7-4970-af0d-f07a9dae70d4,2024-01-02 14:44:12,sophia.johnson26@examplecorp.com,5.0,Great experience.,Americas,Finance,Canada
21e18138-d3a0-42e5-895f-fb5c298437c3,2024-01-30 02:23:30,emma.garcia35@examplecorp.com,3.0,It was okay.,Americas,Finance,United States
97e306c9-576e-4e7a-8867-411726d25f70,2024-03-06 12:43:34,liam.garcia31@examplecorp.com,3.0,Average.,Americas,Sales,Canada
7a4def15-b60c-46c0-9f4f-f3fe5a28c324,2024-03-09 02:14:21,liam.garcia15@examplecorp.com,3.0,It was okay.,APAC,Product,India
1cd8997b-522e-4fcc-9b02-a83b14b1297e,2024-01-22 22:20:48,noah.smith43@examplecorp.com,2.0,Not good.,Americas,Finance,United States
accb2ddf-82e4-4944-8ba4-5fa1b0b6b951,2024-03-13 18:05:03,noah.lopez@examplecorp.com,4.0,Great experience.,APAC,Finance,India
5b6a3738-a195-459d-a01e-e7956322c494,2024-02-14 14:36:42,liam.garcia31@examplecorp.com,4.0,Great experience.,Americas,Sales,Canada
48f60511-4f07-4b46-8373-810f9dec001c,2024-03-05 22:55:32,lucas.johnson@examplecorp.com,5.0,Smooth process.,APAC,Engineering,Australia
66c52a7e-0040-459c-980a-954d0d632879,2024-01-16 12:17:17,sophia.johnson@examplecorp.com,4.0,Fantastic.,Americas,Finance,United States
c46ccf4e-7e05-4cdd-8b2d-f744162202b9,2024-02-05 18:16:18,lucas.hansen@examplecorp.com,3.0,It was okay.,EMEA,Finance,Germany
b946e498-92fc-4e92-ad91-6d028d377d65,2024-03-09 03:38:35,liam.johnson@examplecorp.com,5.0,Smooth process.,Americas,Sales,Canada
d0139d38-9305-4db6-a6f7-2f717ab2ce25,2024-01-11 03:57:59,ava.garcia49@examplecorp.com,4.0,Great experience.,APAC,Sales,India
c6824062-033f-4c89-b705-b207f4707458,2024-02-12 19:12:19,liam.brown32@examplecorp.com,1.0,Not good.,APAC,Product,Australia
3a38533f-2296-498b-9bd5-82b615753338,2024-03-28 14:46:55,lucas.garcia@examplecorp.com,4.0,Fantastic.,APAC,Customer Support,India
4f6a7491-5262-4c57-ac96-d1bf68502972,2024-03-15 22:02:23,liam.brown@examplecorp.com,4.0,Smooth process.,APAC,Engineering,India
405d96e4-0698-44df-aaf4-c987824dff56,2024-03-24 14:23:09,liam.smith@examplecorp.com,5.0,Smooth process.,APAC,Finance,India
dc011ecf-9438-4a3b-a841-b6243969a830,2024-03-29 00:09:11,mason.jensen30@examplecorp.com,3.0,Neutral.,EMEA,HR,Denmark
1ccad094-fe53-49b3-b77f-268c9835dabf,2024-03-04 03:25:40,olivia.garcia44@examplecorp.com,3.0,It was okay.,APAC,Sales,India
39c5caa3-d010-4151-bb29-b6318b02d240,2024-01-05 17:19:33,olivia.garcia@examplecorp.com,4.0,Smooth process.,EMEA,Customer Support,Denmark
aad64cdd-31a1-45bf-b3e9-500ff55de99d,2024-01-28 02:50:47,ava.garcia45@examplecorp.com,2.0,Not good.,APAC,Finance,Australia
3f06d415-bb69-4cab-8aeb-c860b2436bab,2024-03-14 01:33:58,liam.garcia@examplecorp.com,5.0,Fantastic.,APAC,Talent Acquisition,India
f8efb333-9f9e-4643-be95-32a88b2259be,2024-01-17 16:57:38,emma.hansen@examplecorp.com,5.0,Great experience.,APAC,Talent Acquisition,Australia
7a40b957-a1fa-41bb-acc7-24c45866502b,2024-02-14 14:51:26,noah.smith@examplecorp.com,5.0,Great experience.,APAC,Product,Australia
00c662c0-3e14-4eda-80b9-a6853a6034ac,2024-02-22 21:16:30,ava.garcia@examplecorp.com,1.0,Not good.,Americas,Customer Support,Canada
0022db66-fa57-4cd4-85c7-e21a3f24db39,2024-01-25 22:56:29,sophia.nielsen@examplecorp.com,4.0,Smooth process.,EMEA,Engineering,Germany
306c05a6-8fa3-4449-adfa-724c6af110c9,2024-03-28 07:39:48,olivia.johnson@examplecorp.com,5.0,Fantastic.,Americas,Customer Support,United States
6393b8a3-412e-4aa5-a5de-749f9283b3b9,2024-01-09 17:38:41,sophia.smith@examplecorp.com,4.0,Great experience.,Americas,Customer Support,Canada
784abcfa-c81f-4eb0-9074-deb2df53ea5c,2024-02-24 19:11:32,olivia.garcia44@examplecorp.com,5.0,Fantastic.,APAC,Sales,India
04451130-e854-4a51-ae55-11fd207e68d4,2024-02-07 19:36:24,olivia.jensen@examplecorp.com,3.0,Neutral.,APAC,Marketing,Australia
9231b2a6-f7a8-4a26-9a43-913da194b810,2024-02-26 13:02:01,ava.smith@examplecorp.com,5.0,Fantastic.,APAC,Sales,Australia
45d96206-95d0-4879-85a9-0cc36649c076,2024-01-15 00:31:03,noah.smith58@examplecorp.com,5.0,Fantastic.,Americas,Engineering,United States
b7cc4067-d7a4-44e6-96f1-59122247b3e1,2024-01-14 18:44:43,sophia.smith@examplecorp.com,5.0,Smooth process.,Americas,Customer Support,Canada
073b5c4a-aca3-43cb-bd31-959a5ffe6ca4,2024-01-11 11:42:50,mason.lopez37@examplecorp.com,5.0,Fantastic.,EMEA,Engineering,Denmark
d01d572b-1f5d-43e0-966b-2988824df2d6,2024-03-24 04:00:51,noah.smith58@examplecorp.com,4.0,Smooth process.,Americas,Engineering,United States
8c5bb0a0-2bc4-4521-a2f1-efdbac379984,2024-03-07 10:52:20,liam.johnson@examplecorp.com,2.0,Slow process.,Americas,Sales,Canada
8cd86b66-5ec5-4200-9680-94227c20d672,2024-01-19 02:58:57,mason.lopez37@examplecorp.com,1.0,Slow process.,EMEA,Engineering,Denmark
5ff679d8-4a9b-4961-8ad8-17018aa60733,2024-01-23 14:38:31,emma.hansen@examplecorp.com,5.0,Smooth process.,APAC,Talent Acquisition,Australia
6834daba-fddd-469b-a4bf-b90b18117998,2024-02-24 05:14:54,sophia.nielsen@examplecorp.com,4.0,Fantastic.,EMEA,Engineering,Germany
8e93ff78-2a2d-4b30-947e-a3d1d961a7d0,2024-03-11 17:06:23,lucas.hansen53@examplecorp.com,4.0,Great experience.,APAC,HR,Australia
6324f687-67d5-4bb7-bc67-5a437ae2411b,2024-01-11 04:36:04,sophia.johnson26@examplecorp.com,5.0,Fantastic.,Americas,Finance,Canada
a87a84bd-c43b-438b-9a05-457465318f01,2024-02-06 15:58:10,emma.garcia41@examplecorp.com,4.0,Smooth process.,Americas,Engineering,Canada
292888f0-56b9-4e72-8a1f-576e22e5dd2f,2024-01-14 00:13:33,noah.smith@examplecorp.com,3.0,It was okay.,APAC,Product,Australia
13ba3d93-e4d5-4c64-91cf-7b6e0745b917,2024-02-19 01:55:23,ava.garcia45@examplecorp.com,4.0,Great experience.,APAC,Finance,Australia
d74a7026-8641-4f73-ba7c-76129fcc9e40,2024-03-30 03:26:11,olivia.nielsen@examplecorp.com,3.0,Average.,APAC,Marketing,Australia
d2716a13-c687-4d58-a70d-6099b2b5a9d3,2024-03-14 21:51:57,liam.nielsen@examplecorp.com,3.0,It was okay.,APAC,Talent Acquisition,Australia
c74127b3-d2a6-41a3-92e0-c8812337a839,2024-03-02 15:41:25,liam.brown32@examplecorp.com,4.0,Smooth process.,APAC,Product,Australia
3abfae52-1512-45ba-b699-948d41e3a321,2024-02-04 21:04:51,liam.smith@examplecorp.com,2.0,Slow process.,APAC,Finance,India
1e0e4967-6705-42f5-8992-58c9a34c3a9c,2024-03-23 03:09:35,noah.smith43@examplecorp.com,4.0,Smooth process.,Americas,Finance,United States
27b25a37-753a-4713-a068-bd8b1270618e,2024-03-28 12:47:20,noah.lopez@examplecorp.com,4.0,Great experience.,APAC,Finance,India
c297aca3-bef9-4e5e-a957-e097a22092ca,2024-01-10 23:33:51,liam.nielsen@examplecorp.com,4.0,Smooth process.,APAC,Talent Acquisition,Australia
901f5d97-007f-4b93-82c0-09942f066618,2024-02-19 06:46:55,noah.jensen@examplecorp.com,1.0,Not good.,Americas,Talent Acquisition,United States
06ce3b05-01b3-48ea-9241-a7e205cf0507,2024-02-08 14:00:11,ava.brown@examplecorp.com,5.0,Great experience.,Americas,Engineering,United States
c401a259-5059-4290-a404-1e172e53cf40,2024-02-19 17:02:16,emma.smith@examplecorp.com,4.0,Fantastic.,EMEA,HR,Germany
39cfc213-d118-41ea-8690-fa85766eecb3,2024-03-11 14:09:07,noah.smith43@examplecorp.com,3.0,Neutral.,Americas,Finance,United States
5c7c0945-4844-41d4-bae7-37aea9784ca4,2024-01-28 21:21:24,liam.garcia15@examplecorp.com,5.0,Smooth process.,APAC,Product,India
f9a0e218-637c-4385-8ba9-3fb45a142aa3,2024-02-29 20:30:18,mason.smith@examplecorp.com,3.0,Average.,Americas,Sales,Canada
f70c1e63-1e76-468c-b728-498484aa5aea,2024-03-27 12:43:21,ava.garcia49@examplecorp.com,5.0,Great experience.,APAC,Sales,India
fa52b25e-fb2a-412b-ac7a-c1428dbc6ddb,2024-01-06 16:08:30,liam.garcia31@examplecorp.com,5.0,Fantastic.,Americas,Sales,Canada
18db91cb-4735-4847-8210-03cd9549bcdd,2024-01-07 19:44:37,ava.jensen12@examplecorp.com,4.0,Fantastic.,EMEA,Engineering,Germany
a033b660-d4c0-4864-a32b-4117dd09f0a9,2024-02-11 01:39:38,mason.lopez37@examplecorp.com,5.0,Smooth process.,EMEA,Engineering,Denmark
aacc4f9a-567c-45fe-888b-078e5506cb60,2024-03-17 10:09:52,ava.garcia@examplecorp.com,4.0,Fantastic.,Americas,Customer Support,Canada
001b9849-a1bd-46e6-8e0a-8922462e85ed,2024-03-03 02:21:10,lucas.lopez@examplecorp.com,5.0,Great experience.,EMEA,Finance,Germany
861e94eb-4b9a-457a-9e57-6b596ee0e0f9,2024-03-21 06:57:54,liam.smith@examplecorp.com,4.0,Fantastic.,APAC,Finance,India
02b32c28-a1c9-404c-bbb9-06524c95785a,2024-02-19 07:44:16,sophia.garcia@examplecorp.com,4.0,Great experience.,Americas,Product,United States
3caddaeb-78a9-4db8-ab22-2276622a341f,2024-02-12 08:09:09,noah.garcia@examplecorp.com,3.0,Neutral.,Americas,Marketing,United States
164e6861-0148-4ffc-a246-e901c24d12a9,2024-01-08 22:34:11,mason.lopez@examplecorp.com,4.0,Great experience.,EMEA,Sales,Germany
20084a79-848b-4d45-bfff-3f68c2d771f6,2024-03-27 02:14:10,noah.garcia@examplecorp.com,4.0,Smooth process.,Americas,Marketing,United States
2ba592d7-9971-4951-aba2-d6a1ee51599e,2024-01-29 15:10:03,noah.brown@examplecorp.com,1.0,Not good.,Americas,Finance,Canada
44c20b7e-a01f-4ed5-abae-4335dc647003,2024-01-17 20:24:47,ava.smith@examplecorp.com,2.0,Poor experience.,APAC,Sales,Australia
aa9082c3-aebc-4c4b-9408-d06fe170ea0b,2024-03-08 18:53:55,noah.hansen@examplecorp.com,3.0,Neutral.,Americas,HR,Canada
2b4bee29-4a74-492c-ae9d-6f40ce6b11a0,2024-01-17 05:03:09,emma.garcia@examplecorp.com,3.0,It was okay.,EMEA,Finance,Denmark
4c327a21-df27-40a1-a708-49694d9ed896,2024-01-27 02:49:07,liam.johnson@examplecorp.com,4.0,Fantastic.,Americas,Sales,Canada
6fe5f931-9ef2-417c-8256-c083f0456475,2024-02-18 07:34:47,olivia.johnson@examplecorp.com,5.0,Great experience.,Americas,Customer Support,United States
caa4d160-e4fd-4c3b-8e03-620fc0e8fbb9,2024-03-04 03:26:14,liam.brown32@examplecorp.com,1.0,Not good.,APAC,Product,Australia
44c9f7fd-11bf-46b7-a33d-f738771acf89,2024-01-25 06:01:47,noah.garcia@examplecorp.com,3.0,Average.,Americas,Marketing,United States
88cc8560-499a-47cf-acce-f86e8565d653,2024-01-02 06:17:28,emma.garcia40@examplecorp.com,4.0,Smooth process.,EMEA,Engineering,Denmark
8b65ac8c-a554-453d-89cf-83edc043b697,2024-03-27 00:03:23,emma.garcia@examplecorp.com,2.0,Poor experience.,EMEA,Finance,Denmark
6bdf2f81-cc72-458c-8763-c7c280582e6d,2024-03-21 05:54:13,lucas.johnson48@examplecorp.com,4.0,Fantastic.,APAC,Product,India
e8589726-8376-4c15-a6f9-d63c5466e51b,2024-03-11 22:29:25,liam.smith@examplecorp.com,4.0,Fantastic.,APAC,Finance,India
e56b68ff-780d-468f-92a4-62e318433711,2024-03-20 18:00:11,olivia.brown@examplecorp.com,2.0,Slow process.,APAC,Engineering,India
fb9af98f-6ae2-4be0-b8f6-a23d8016cba8,2024-03-10 11:58:12,lucas.hansen@examplecorp.com,1.0,Not good.,EMEA,Finance,Germany
4040dcd9-21f0-409b-9c9e-98d8d1a92898,2024-02-15 00:56:38,liam.brown32@examplecorp.com,5.0,Great experience.,APAC,Product,Australia
62f9d459-071f-4598-b314-3c1d3d3264ab,2024-02-21 16:11:38,liam.brown32@examplecorp.com,5.0,Fantastic.,APAC,Product,Australia
5b2ee558-b9c8-4ff1-89db-3755c1d031e0,2024-01-07 11:10:04,liam.brown32@examplecorp.com,1.0,Not good.,APAC,Product,Australia
a75cf1f8-0f43-4486-bf97-4908e2f08345,2024-03-06 09:54:44,ava.garcia49@examplecorp.com,4.0,Smooth process.,APAC,Sales,India
ad2a74a2-0461-4994-99fd-232b6a89b1f1,2024-02-07 03:50:01,mason.lopez@examplecorp.com,2.0,Poor experience.,EMEA,Sales,Germany
3ee71cbb-2a02-4cd8-9861-f0d736f99dbf,2024-01-03 15:34:34,emma.lopez@examplecorp.com,4.0,Great experience.,EMEA,HR,Denmark
f7d1c9c2-45ec-4d80-a18e-6d3cd3bb21ce,2024-03-11 04:12:12,noah.johnson@examplecorp.com,5.0,Smooth process.,EMEA,Finance,Germany
a1ba4112-3be2-40b4-a210-873edec70115,2024-03-01 06:03:54,lucas.garcia@examplecorp.com,3.0,It was okay.,APAC,Customer Support,India
7d32c248-c99a-4997-925e-5e50c58b40e0,2024-02-05 21:08:48,olivia.johnson@examplecorp.com,5.0,Great experience.,Americas,Customer Support,United States
5d6ef9b1-6ba7-4da6-93d9-e1c8e785bec2,2024-01-07 23:54:33,liam.johnson@examplecorp.com,2.0,Poor experience.,Americas,Sales,Canada
0eaf3978-9914-40dd-a888-50772ea7872b,2024-03-08 20:39:20,liam.garcia31@examplecorp.com,4.0,Fantastic.,Americas,Sales,Canada
70e2430e-45b1-4596-82be-b891c1422064,2024-01-12 08:54:46,ava.johnson@examplecorp.com,4.0,Great experience.,EMEA,Sales,Denmark
aa9c7c2c-792a-47e1-a45a-ef93cb5ae14e,2024-03-12 14:43:59,mason.garcia@examplecorp.com,5.0,Fantastic.,Americas,Finance,Canada
4124fedc-1d48-4edd-9f57-c4c7e61cd357,2024-02-25 04:33:30,olivia.nielsen@examplecorp.com,2.0,Slow process.,APAC,Marketing,Australia
daed5db0-6c83-4208-bb73-8920bfa4d786,2024-01-07 02:51:10,sophia.smith@examplecorp.com,5.0,Fantastic.,Americas,Customer Support,Canada
61aae564-5388-43ac-947e-f37c35384ffa,2024-02-06 14:56:08,sophia.johnson26@examplecorp.com,4.0,Fantastic.,Americas,Finance,Canada
8e3c1477-613d-43e7-8ed5-bbf9778ed4ca,2024-03-02 00:59:18,emma.garcia42@examplecorp.com,4.0,Smooth process.,APAC,Finance,India
bf05b19e-3ed6-4b5e-8df0-e8308b86b939,2024-03-15 08:42:43,mason.garcia55@examplecorp.com,5.0,Great experience.,EMEA,Engineering,Germany
05984588-d630-41d2-8e55-4a9e6de8f100,2024-03-22 15:41:40,noah.johnson@examplecorp.com,5.0,Great experience.,EMEA,Finance,Germany
ec8b27f0-1cca-4edd-a19e-e77dfe84753c,2024-01-20 13:38:53,ava.garcia@examplecorp.com,2.0,Poor experience.,Americas,Customer Support,Canada
e808d635-ee62-40a0-abc1-8581f2f4b094,2024-01-18 14:52:44,emma.garcia41@examplecorp.com,3.0,It was okay.,Americas,Engineering,Canada
e8f171a2-63cf-45c0-9d4d-9876998d621a,2024-02-04 04:59:17,mason.jensen30@examplecorp.com,3.0,Average.,EMEA,HR,Denmark
05641441-348d-4013-932e-b6189161e779,2024-03-13 09:49:10,sophia.garcia@examplecorp.com,3.0,Neutral.,Americas,Product,United States
c8edae65-de81-4b0b-bf39-521e0aee33e4,2024-03-07 14:31:24,olivia.johnson@examplecorp.com,5.0,Fantastic.,Americas,Customer Support,United States
445d725a-c8f0-4a82-9cee-5eed604d70fa,2024-02-28 03:17:41,mason.lopez37@examplecorp.com,3.0,It was okay.,EMEA,Engineering,Denmark
f9235dae-966b-4c97-ba6f-9337f9bdab9d,2024-01-16 03:22:12,lucas.hansen@examplecorp.com,5.0,Fantastic.,EMEA,Finance,Germany
e8feec91-1015-4dd0-8efc-b63fa1dbe296,2024-02-14 11:01:36,olivia.jensen@examplecorp.com,3.0,Average.,APAC,Marketing,Australia
b0e183f1-64df-410e-87c2-f8873e585ed1,2024-01-21 04:25:46,lucas.hansen@examplecorp.com,4.0,Fantastic.,EMEA,Finance,Germany
bdb1202c-3c06-4df5-9354-e6e63b25035f,2024-02-02 13:06:03,sophia.johnson@examplecorp.com,2.0,Not good.,Americas,Finance,United States
9f77ab8c-a96b-4b9d-aa0c-33037248f3a7,2024-02-04 13:24:23,ava.garcia49@examplecorp.com,5.0,Fantastic.,APAC,Sales,India
6bf7ebd1-2c3c-4559-8c8b-15ff173813b5,2024-01-04 21:40:08,olivia.brown@examplecorp.com,1.0,Slow process.,APAC,Engineering,India
0572bd3d-5435-461d-b598-0891a01a69e0,2024-02-11 04:02:34,mason.lopez@examplecorp.com,1.0,Slow process.,EMEA,Sales,Germany
851777fd-131d-479c-86ec-c08a2f30b49d,2024-03-25 04:50:18,ava.garcia56@examplecorp.com,5.0,Smooth process.,APAC,Marketing,India
6bd99d22-20a5-4f12-8dc1-979c99176fa7,2024-02-12 00:53:51,lucas.lopez@examplecorp.com,3.0,Neutral.,EMEA,Finance,Germany
49b53da2-cacf-4eac-bf6d-67025683deb3,2024-02-28 12:38:43,noah.lopez@examplecorp.com,4.0,Smooth process.,APAC,Finance,India
51db61ab-ebcf-40bc-b2a4-db9faf64b44c,2024-01-20 11:03:50,ava.garcia56@examplecorp.com,4.0,Great experience.,APAC,Marketing,India
99666174-a652-4a6a-a44b-04ef573b1fa2,2024-01-31 03:48:36,sophia.nielsen@examplecorp.com,3.0,Average.,EMEA,Engineering,Germany
34aef83c-ae50-4661-98a8-7f0337acd813,2024-03-27 16:59:46,olivia.brown@examplecorp.com,5.0,Smooth process.,APAC,Engineering,India
0180ea98-7648-4d9b-8b98-0467cafee7bc,2024-03-07 12:39:32,mason.lopez37@examplecorp.com,4.0,Smooth process.,EMEA,Engineering,Denmark
577a1660-c34c-4f0c-982e-879476efb575,2024-02-11 22:59:26,ava.jensen@examplecorp.com,4.0,Fantastic.,Americas,Talent Acquisition,United States
3f70e2de-5035-421f-a4d0-ce0bb873bc8c,2024-01-03 09:54:56,ava.garcia49@examplecorp.com,3.0,Neutral.,APAC,Sales,India
91653018-705a-4d07-bc39-e063104ffad6,2024-02-03 20:52:55,emma.lopez@examplecorp.com,4.0,Fantastic.,EMEA,HR,Denmark
77fe26ef-2df2-4d4b-9828-26c9f9b3cf9d,2024-02-01 03:39:25,noah.lopez@examplecorp.com,3.0,Average.,APAC,Finance,India
8898495b-1214-4cd6-8130-cc485374d4fd,2024-01-31 12:30:42,noah.lopez@examplecorp.com,5.0,Great experience.,APAC,Finance,India
75ce7b96-01f9-406e-b9a2-0d9dfdf32d4e,2024-03-25 16:36:59,ava.garcia49@examplecorp.com,2.0,Slow process.,APAC,Sales,India
f912621f-3fe7-4d1d-b4c1-d7ea30028cc3,2024-03-15 14:32:29,emma.lopez@examplecorp.com,2.0,Not good.,EMEA,HR,Denmark
e61c418e-6c1b-41ad-aa5b-8684cc26e67e,2024-01-27 00:57:05,emma.garcia40@examplecorp.com,4.0,Smooth process.,EMEA,Engineering,Denmark
12e455d1-0771-4298-be3b-7803914bc22b,2024-01-28 01:49:37,lucas.hansen@examplecorp.com,3.0,It was okay.,EMEA,Finance,Germany
8b21797f-d521-436a-927a-f299814b02da,2024-03-10 05:50:32,sophia.smith@examplecorp.com,3.0,Neutral.,Americas,Customer Support,Canada
267b236b-09c5-47a7-b1b6-54eabcd4629f,2024-02-17 10:58:52,olivia.garcia@examplecorp.com,4.0,Great experience.,EMEA,Customer Support,Denmark
dd3b351d-c9d5-43cb-8377-865f8150377e,2024-01-22 08:11:04,ava.johnson@examplecorp.com,5.0,Fantastic.,EMEA,Sales,Denmark
3e4591ef-114d-48da-9521-716159e6f629,2024-02-02 00:49:36,ava.brown@examplecorp.com,4.0,Great experience.,Americas,Engineering,United States
e3b5ea27-c579-402d-81b4-681083c774ae,2024-03-01 23:31:55,sophia.garcia@examplecorp.com,4.0,Great experience.,Americas,Product,United States
e87ce20f-f804-4103-9cd9-ae803f5f6bec,2024-02-19 06:37:24,liam.garcia31@examplecorp.com,4.0,Fantastic.,Americas,Sales,Canada
2cb4e23e-a171-4692-b42e-f9478dd6ada0,2024-03-26 04:01:37,noah.hansen@examplecorp.com,4.0,Fantastic.,Americas,HR,Canada
aee3bdab-ede8-45ad-bc2a-99d28949300a,2024-01-07 02:13:54,mason.jensen30@examplecorp.com,2.0,Slow process.,EMEA,HR,Denmark
b38b0e70-ecfd-487e-a4df-6bc7a457482c,2024-02-15 21:32:08,liam.nielsen@examplecorp.com,3.0,Average.,APAC,Talent Acquisition,Australia
e8e6bf3a-e6b2-4d4f-b3d5-3bf389131073,2024-02-11 17:57:51,ava.garcia56@examplecorp.com,4.0,Great experience.,APAC,Marketing,India
fdc6d22f-9256-4150-83c4-4ea428e6de7c,2024-03-08 17:00:09,mason.smith@examplecorp.com,4.0,Fantastic.,Americas,Sales,Canada
91b40482-8e70-4985-8088-99d75b5a7878,2024-02-08 00:41:39,noah.jensen@examplecorp.com,2.0,Not good.,Americas,Talent Acquisition,United States
85dc3f77-5e3e-41df-9d8b-947a4b3867a1,2024-01-14 10:22:35,lucas.garcia@examplecorp.com,4.0,Fantastic.,APAC,Customer Support,India
b90417ed-9aa3-4fdc-aa1b-65558734164d,2024-03-28 16:35:06,lucas.hansen@examplecorp.com,2.0,Not good.,EMEA,Finance,Germany
4c3725f1-2f54-493b-86cb-0fc348e847d5,2024-03-23 16:53:44,emma.smith@examplecorp.com,3.0,Neutral.,EMEA,HR,Germany
aba26587-f987-4510-922f-ed6dac433b98,2024-02-11 05:23:35,mason.garcia55@examplecorp.com,3.0,Neutral.,EMEA,Engineering,Germany
5a032574-2c1e-44ad-be18-2bdc4fa32b3f,2024-01-04 03:30:07,olivia.jensen@examplecorp.com,3.0,Neutral.,APAC,Marketing,Australia
637d43f2-7609-44b5-8f10-850594787f2c,2024-03-05 17:02:08,sophia.johnson@examplecorp.com,5.0,Smooth process.,Americas,Finance,United States
28ca7a44-c72e-40ac-8a05-29924d347611,2024-03-23 14:03:50,liam.garcia15@examplecorp.com,3.0,Average.,APAC,Product,India
163fc3eb-88d5-4b7b-81f7-f3fd4ae0e618,2024-01-27 22:15:17,liam.johnson@examplecorp.com,5.0,Fantastic.,Americas,Sales,Canada
2afd7c06-2e7f-4b76-96b7-989f90099390,2024-02-23 13:17:22,olivia.johnson@examplecorp.com,1.0,Not good.,Americas,Customer Support,United States
d91e9d73-af6e-4a37-a7d0-aa9104727620,2024-01-10 15:30:43,noah.johnson@examplecorp.com,2.0,Slow process.,EMEA,Finance,Germany
01413a40-31b8-4982-8cdb-d2ffdf250c0c,2024-01-03 17:10:53,lucas.hansen@examplecorp.com,4.0,Great experience.,EMEA,Finance,Germany
4c284c93-fcd2-417a-b85b-8b3630482b6e,2024-01-04 11:07:46,emma.nielsen@examplecorp.com,2.0,Not good.,APAC,Customer Support,India
980b306f-3f08-465f-b4d9-613299447488,2024-02-04 21:50:01,emma.lopez@examplecorp.com,2.0,Not good.,EMEA,HR,Denmark
b7ab7942-1c9b-4b0a-8c44-771512e4a994,2024-02-20 08:22:40,liam.lopez@examplecorp.com,4.0,Great experience.,EMEA,Customer Support,Germany
7e71883f-b8b7-4b3f-a4ea-03b1928e3e28,2024-03-02 11:49:00,emma.hansen@examplecorp.com,4.0,Fantastic.,APAC,Talent Acquisition,Australia
df8ee980-fdcb-4d80-a26a-1a08b7864f2b,2024-01-29 09:46:15,noah.brown@examplecorp.com,3.0,Average.,Americas,Finance,Canada
92c18061-feaf-41c3-8661-522cdadb2b98,2024-03-21 22:41:42,olivia.garcia44@examplecorp.com,4.0,Smooth process.,APAC,Sales,India
6de9f02f-b265-461b-af1c-36ac3968a850,2024-01-03 14:32:18,mason.garcia@examplecorp.com,1.0,Slow process.,Americas,Finance,Canada
bc049c59-9f4e-402f-b154-502808a3fd49,2024-01-31 00:03:11,olivia.jensen@examplecorp.com,4.0,Great experience.,APAC,Marketing,Australia
082adc47-8073-4c93-a60f-3ceb9e56770c,2024-03-13 00:12:47,lucas.johnson48@examplecorp.com,5.0,Fantastic.,APAC,Product,India
6efb80dd-9a96-4699-bbb2-ba4fa086cedc,2024-02-09 03:41:39,noah.johnson@examplecorp.com,4.0,Smooth process.,EMEA,Finance,Germany
97cfa93b-06b2-4e7b-9dfa-dedcd09bbae2,2024-03-24 14:07:07,mason.jensen30@examplecorp.com,5.0,Great experience.,EMEA,HR,Denmark
dfaed4a1-973c-4199-a692-1c97efe67bf9,2024-01-26 13:16:03,lucas.garcia@examplecorp.com,5.0,Great experience.,APAC,Customer Support,India
473e14e1-08ab-4b91-8e97-782066f184aa,2024-03-26 21:56:02,emma.garcia41@examplecorp.com,3.0,Neutral.,Americas,Engineering,Canada
ce99ff6f-4b11-40f4-9125-cce57d8e5d6f,2024-02-27 16:58:51,noah.hansen@examplecorp.com,3.0,Neutral.,Americas,HR,Canada
95db5a0f-cbab-488f-933b-909667834461,2024-02-06 20:10:22,olivia.brown@examplecorp.com,5.0,Smooth process.,APAC,Engineering,India
6e14b6e9-2225-49fe-b105-01731396065d,2024-01-19 11:35:56,ava.johnson@examplecorp.com,5.0,Smooth process.,EMEA,Sales,Denmark
f686b599-8fd8-4b09-b8b8-7e3457071c3a,2024-02-07 07:50:49,emma.garcia40@examplecorp.com,5.0,Great experience.,EMEA,Engineering,Denmark
3e256256-b783-4e7f-9552-bf933bb094ed,2024-02-06 00:37:12,lucas.hansen53@examplecorp.com,4.0,Great experience.,APAC,HR,Australia
b7aa7cf2-7bf1-45b6-aff3-b1af93589126,2024-03-01 02:53:24,ava.jensen@examplecorp.com,4.0,Great experience.,Americas,Talent Acquisition,United States
d9a54091-4662-48ab-ab73-fe741be743dd,2024-03-07 15:35:53,olivia.nielsen@examplecorp.com,2.0,Not good.,APAC,Marketing,Australia
6c4cc89a-e3e6-4690-acdb-9fd887334db6,2024-01-27 07:56:04,noah.brown@examplecorp.com,3.0,Neutral.,Americas,Finance,Canada
07426234-7e2b-45e5-96e6-972469e8565c,2024-03-28 00:24:39,emma.lopez@examplecorp.com,5.0,Fantastic.,EMEA,HR,Denmark
5cb4d0e7-7191-4bb9-877b-3fb5807f2c5c,2024-03-29 12:58:12,mason.garcia55@examplecorp.com,4.0,Great experience.,EMEA,Engineering,Germany
40625f82-08df-4505-89a4-ae32accf8af5,2024-02-16 04:11:24,noah.lopez@examplecorp.com,4.0,Smooth process.,APAC,Finance,India
16122220-cbcc-478b-abd7-00a87469b5ff,2024-03-17 23:39:28,emma.garcia41@examplecorp.com,3.0,Neutral.,Americas,Engineering,Canada
170b428e-d219-43b5-9900-c07f2bfcc060,2024-01-08 09:42:01,emma.garcia35@examplecorp.com,4.0,Fantastic.,Americas,Finance,United States
a1f222f1-a41b-4712-8b2f-d3152ee63feb,2024-03-09 21:20:58,mason.jensen@examplecorp.com,3.0,Average.,EMEA,Talent Acquisition,Denmark
a79149a3-2fe2-483c-99bf-73ba4916cd7b,2024-02-17 10:58:06,noah.lopez@examplecorp.com,4.0,Fantastic.,APAC,Finance,India
da88e271-7967-466d-9198-9abd4f11c0ee,2024-03-10 00:11:30,liam.brown@examplecorp.com,4.0,Fantastic.,APAC,Engineering,India
d0bf446e-dcb3-4b49-8748-833d4d2e0e28,2024-03-17 03:15:36,emma.hansen@examplecorp.com,4.0,Smooth process.,APAC,Talent Acquisition,Australia
47667bb7-e59d-474a-992c-73c81d64ce8e,2024-02-02 20:08:41,olivia.brown@examplecorp.com,4.0,Great experience.,APAC,Engineering,India
26fe312e-2afa-49f9-9d20-6d981de109b7,2024-01-23 13:47:26,lucas.johnson@examplecorp.com,4.0,Smooth process.,APAC,Engineering,Australia
e74a3b50-95c6-4e80-9958-d5260b142fe1,2024-01-26 13:52:47,lucas.garcia@examplecorp.com,5.0,Great experience.,APAC,Customer Support,India
c713ac1d-e909-4423-bd3b-7d69af8e27f5,2024-03-07 19:57:08,liam.brown@examplecorp.com,4.0,Great experience.,APAC,Engineering,India
738884df-8503-4fd0-8ed7-a7339f6c3d4c,2024-01-09 19:05:57,emma.garcia40@examplecorp.com,2.0,Not good.,EMEA,Engineering,Denmark
054ec29d-6f9b-4242-bf0a-a688b26ed9e5,2024-03-21 22:00:04,liam.brown32@examplecorp.com,5.0,Fantastic.,APAC,Product,Australia
11a7d78d-7fda-46d2-bca3-b0de3c4de64b,2024-01-20 00:57:34,ava.garcia45@examplecorp.com,5.0,Great experience.,APAC,Finance,Australia
a8d2b6ad-a8b9-4621-92cf-177a8b0d2c73,2024-01-09 02:22:24,liam.smith@examplecorp.com,4.0,Fantastic.,APAC,Finance,India
f47ac10b-58cc-4372-a567-0e02b2c3d479,2024-02-14 11:30:00,noah.brown@examplecorp.com,3.0,It was okay.,Americas,Finance,Canada
b2c3d4e5-6789-4abc-def0-123456789abc,2024-03-15 09:45:22,emma.nielsen@examplecorp.com,5.0,Amazing service!,APAC,Customer Support,India
c3d4e5f6-789a-4bcd-ef01-23456789abcd,2024-02-28 14:20:00,sophia.garcia@examplecorp.com,1.0,Terrible experience.,Americas,Product,United States
d4e5f6a7-89ab-4cde-f012-3456789abcde,,mason.jensen@examplecorp.com,4.0,Good overall.,EMEA,Talent Acquisition,Denmark
e5f6a7b8-9abc-4def-0123-456789abcdef,2024-03-10 16:00:00,unknown.user@examplecorp.com,4.0,Great service.,EMEA,,
f6a7b8c9-abcd-4ef0-1234-56789abcdef0,2024-01-25 08:15:33,another.unknown@examplecorp.com,5.0,Loved it!,Americas,,
a7b8c9d0-bcde-4f01-2345-6789abcdef01,2024-02-19 13:45:00,olivia.jensen@examplecorp.com,4.0,Smooth process.,APAC,Marketing,Australia
